#
# There is insufficient memory for the Java Runtime Environment to continue.
# Native memory allocation (mmap) failed to map 65536 bytes. Error detail: Failed to commit metaspace.
# Possible reasons:
#   The system is out of physical RAM or swap space
#   This process is running with CompressedOops enabled, and the Java Heap may be blocking the growth of the native heap
# Possible solutions:
#   Reduce memory load on the system
#   Increase physical memory or swap space
#   Check if swap backing store is full
#   Decrease Java heap size (-Xmx/-Xms)
#   Decrease number of Java threads
#   Decrease Java thread stack sizes (-Xss)
#   Set larger code cache with -XX:ReservedCodeCacheSize=
#   JVM is running with Unscaled Compressed Oops mode in which the Java heap is
#     placed in the first 4GB address space. The Java Heap base address is the
#     maximum limit for the native heap growth. Please use -XX:HeapBaseMinAddress
#     to set the Java Heap base and to place the Java Heap above 4GB virtual address.
# This output file may be truncated or incomplete.
#
#  Out of Memory Error (virtualSpaceNode.cpp:113), pid=11940, tid=3276
#
# JRE version: OpenJDK Runtime Environment Temurin-21.0.11+10 (21.0.11+10) (build 21.0.11+10-LTS)
# Java VM: OpenJDK 64-Bit Server VM Temurin-21.0.11+10 (21.0.11+10-LTS, mixed mode, sharing, tiered, compressed oops, compressed class ptrs, parallel gc, windows-amd64)
# No core dump will be written. Minidumps are not enabled by default on client versions of Windows
#

---------------  S U M M A R Y ------------

Command Line: --add-modules=ALL-SYSTEM --add-opens=java.base/java.util=ALL-UNNAMED --add-opens=java.base/java.lang=ALL-UNNAMED --add-opens=java.base/sun.nio.fs=ALL-UNNAMED -Declipse.application=org.eclipse.jdt.ls.core.id1 -Dosgi.bundles.defaultStartLevel=4 -Declipse.product=org.eclipse.jdt.ls.core.product -Djava.import.generatesMetadataFilesAtProjectRoot=false -DDetectVMInstallationsJob.disabled=true -Dfile.encoding=utf8 -XX:+UseParallelGC -XX:GCTimeRatio=4 -XX:AdaptiveSizePolicyWeight=90 -Dsun.zip.disableMemoryMapping=true -Xmx2G -Xms100m -Xlog:disable -javaagent:c:\Users\saika\.antigravity-ide\extensions\redhat.java-1.55.0-win32-x64\lombok\lombok-1.18.39-4050.jar -XX:+HeapDumpOnOutOfMemoryError -XX:HeapDumpPath=c:\Users\saika\AppData\Roaming\Antigravity IDE\User\workspaceStorage\e2c09a89931abce8e19b1428be1b0b96\redhat.java -Daether.dependencyCollector.impl=bf c:\Users\saika\.antigravity-ide\extensions\redhat.java-1.55.0-win32-x64\server\plugins\org.eclipse.equinox.launcher_1.7.200.v20260619-2039.jar -configuration c:\Users\saika\AppData\Roaming\Antigravity IDE\User\globalStorage\redhat.java\1.55.0\config_win -data c:\Users\saika\AppData\Roaming\Antigravity IDE\User\workspaceStorage\e2c09a89931abce8e19b1428be1b0b96\redhat.java\jdt_ws --pipe=\\.\pipe\lsp-183d9751116545d31718261fc5b9ea25-sock

Host: AMD Ryzen 5 5500U with Radeon Graphics         , 12 cores, 15G,  Windows 11 , 64 bit Build 26100 (10.0.26100.9278)
Time: Tue Sep  8 17:46:35 2026 India Standard Time elapsed time: 6.032331 seconds (0d 0h 0m 6s)

---------------  T H R E A D  ---------------

Current thread (0x000001befd9f58a0):  JavaThread "Start Level: Equinox Container: af332892-41e8-4cc5-955c-dd15327ae6ef" daemon [_thread_in_vm, id=3276, stack(0x0000006ae8400000,0x0000006ae8500000) (1024K)]

Stack: [0x0000006ae8400000,0x0000006ae8500000]
Native frames: (J=compiled Java code, j=interpreted, Vv=VM code, C=native code)
V  [jvm.dll+0x6d7e19]
V  [jvm.dll+0x8b5096]
V  [jvm.dll+0x8b764e]
V  [jvm.dll+0x8b7d33]
V  [jvm.dll+0x284596]
V  [jvm.dll+0x8b0dde]
V  [jvm.dll+0x6795e4]
V  [jvm.dll+0x1e849b]
V  [jvm.dll+0x1e825e]
V  [jvm.dll+0x67bee2]
V  [jvm.dll+0x67bd12]
V  [jvm.dll+0x679fbe]
V  [jvm.dll+0x684268]
V  [jvm.dll+0x21973e]
V  [jvm.dll+0x219be5]
V  [jvm.dll+0x21a5d8]
V  [jvm.dll+0x20f80e]
V  [jvm.dll+0x5b658f]
V  [jvm.dll+0x82f046]
V  [jvm.dll+0x478ec8]
V  [jvm.dll+0x47ecf8]
C  [java.dll+0x17ec]

Java frames: (J=compiled Java code, j=interpreted, Vv=VM code)
J 1127  java.lang.ClassLoader.defineClass1(Ljava/lang/ClassLoader;Ljava/lang/String;[BIILjava/security/ProtectionDomain;Ljava/lang/String;)Ljava/lang/Class; java.base@21.0.11 (0 bytes) @ 0x000001be87b3ff11 [0x000001be87b3fe40+0x00000000000000d1]
J 1866 c1 java.lang.ClassLoader.defineClass(Ljava/lang/String;[BIILjava/security/ProtectionDomain;)Ljava/lang/Class; java.base@21.0.11 (43 bytes) @ 0x000001be8035ddfc [0x000001be8035daa0+0x000000000000035c]
J 2916 c1 org.eclipse.osgi.internal.loader.ModuleClassLoader.defineClass(Ljava/lang/String;[BLorg/eclipse/osgi/internal/loader/classpath/ClasspathEntry;)Lorg/eclipse/osgi/internal/loader/ModuleClassLoader$DefineClassResult; (67 bytes) @ 0x000001be805b7e3c [0x000001be805b7b20+0x000000000000031c]
J 2765 c1 org.eclipse.osgi.internal.loader.classpath.ClasspathManager.defineClass(Ljava/lang/String;[BLorg/eclipse/osgi/internal/loader/classpath/ClasspathEntry;Lorg/eclipse/osgi/storage/bundlefile/BundleEntry;Ljava/util/List;)Ljava/lang/Class; (636 bytes) @ 0x000001be80558174 [0x000001be805566c0+0x0000000000001ab4]
J 2792 c1 org.eclipse.osgi.internal.loader.classpath.ClasspathManager.findClassImpl(Ljava/lang/String;Lorg/eclipse/osgi/internal/loader/classpath/ClasspathEntry;Ljava/util/List;)Ljava/lang/Class; (328 bytes) @ 0x000001be8056b924 [0x000001be80568600+0x0000000000003324]
J 2509 c1 org.eclipse.osgi.internal.loader.classpath.ClasspathManager.findLocalClassImpl(Ljava/lang/String;[Lorg/eclipse/osgi/internal/loader/classpath/ClasspathEntry;Ljava/util/List;)Ljava/lang/Class; (55 bytes) @ 0x000001be804cfbe4 [0x000001be804cfa60+0x0000000000000184]
J 2605 c1 org.eclipse.osgi.internal.loader.classpath.ClasspathManager.findLocalClassImpl(Ljava/lang/String;Ljava/util/List;)Ljava/lang/Class; (132 bytes) @ 0x000001be804ef494 [0x000001be804eef60+0x0000000000000534]
J 2742 c1 org.eclipse.osgi.internal.loader.classpath.ClasspathManager.findLocalClass(Ljava/lang/String;)Ljava/lang/Class; (210 bytes) @ 0x000001be80542da4 [0x000001be805420e0+0x0000000000000cc4]
J 2506 c1 org.eclipse.osgi.internal.loader.BundleLoader.findLocalClass(Ljava/lang/String;)Ljava/lang/Class; (159 bytes) @ 0x000001be804c914c [0x000001be804c8560+0x0000000000000bec]
J 2432 c1 org.eclipse.osgi.internal.loader.BundleLoader.findClass0(Ljava/lang/String;ZZ)Ljava/lang/Class; (490 bytes) @ 0x000001be8048ecdc [0x000001be8048bb40+0x000000000000319c]
J 2431 c1 org.eclipse.osgi.internal.loader.BundleLoader.findClass(Ljava/lang/String;)Ljava/lang/Class; (8 bytes) @ 0x000001be8048b14c [0x000001be8048b0c0+0x000000000000008c]
J 2434 c1 org.eclipse.osgi.internal.loader.ModuleClassLoader.loadClass(Ljava/lang/String;Z)Ljava/lang/Class; (36 bytes) @ 0x000001be80492acc [0x000001be804928a0+0x000000000000022c]
J 1018 c1 java.lang.ClassLoader.loadClass(Ljava/lang/String;)Ljava/lang/Class; java.base@21.0.11 (7 bytes) @ 0x000001be80195954 [0x000001be80195840+0x0000000000000114]
v  ~StubRoutines::call_stub 0x000001be8753100d
j  org.eclipse.jdt.internal.core.JavaModelManager$8.optionsChanged(Lorg/eclipse/osgi/service/debug/DebugOptions;)V+140
j  org.eclipse.osgi.internal.debug.FrameworkDebugOptions.addingService(Lorg/osgi/framework/ServiceReference;)Lorg/eclipse/osgi/service/debug/DebugOptionsListener;+16
j  org.eclipse.osgi.internal.debug.FrameworkDebugOptions.addingService(Lorg/osgi/framework/ServiceReference;)Ljava/lang/Object;+5
j  org.osgi.util.tracker.ServiceTracker$Tracked.customizerAdding(Lorg/osgi/framework/ServiceReference;Lorg/osgi/framework/ServiceEvent;)Ljava/lang/Object;+8
j  org.osgi.util.tracker.ServiceTracker$Tracked.customizerAdding(Ljava/lang/Object;Ljava/lang/Object;)Ljava/lang/Object;+9
J 2731 c1 org.osgi.util.tracker.AbstractTracked.trackAdding(Ljava/lang/Object;Ljava/lang/Object;)V (167 bytes) @ 0x000001be8053e10c [0x000001be8053dfe0+0x000000000000012c]
j  org.osgi.util.tracker.AbstractTracked.track(Ljava/lang/Object;Ljava/lang/Object;)V+83
j  org.osgi.util.tracker.ServiceTracker$Tracked.serviceChanged(Lorg/osgi/framework/ServiceEvent;)V+67
J 2448 c1 org.eclipse.osgi.internal.serviceregistry.FilteredServiceListener.serviceChanged(Lorg/osgi/framework/ServiceEvent;)V (296 bytes) @ 0x000001be8049c934 [0x000001be8049a020+0x0000000000002914]
J 2453 c1 org.eclipse.osgi.internal.framework.BundleContextImpl.dispatchEvent(Ljava/lang/Object;Ljava/lang/Object;ILjava/lang/Object;)V (577 bytes) @ 0x000001be804a7654 [0x000001be804a3d80+0x00000000000038d4]
J 2608 c1 org.eclipse.osgi.framework.eventmgr.EventManager.dispatchEvent(Ljava/util/Set;Lorg/eclipse/osgi/framework/eventmgr/EventDispatcher;ILjava/lang/Object;)V (69 bytes) @ 0x000001be804f1554 [0x000001be804f1040+0x0000000000000514]
j  org.eclipse.osgi.framework.eventmgr.ListenerQueue.dispatchEventSynchronous(ILjava/lang/Object;)V+67
j  org.eclipse.osgi.internal.serviceregistry.ServiceRegistry.publishServiceEventPrivileged(Lorg/osgi/framework/ServiceEvent;)V+320
j  org.eclipse.osgi.internal.serviceregistry.ServiceRegistry.publishServiceEvent(Lorg/osgi/framework/ServiceEvent;)V+8
j  org.eclipse.osgi.internal.serviceregistry.ServiceRegistrationImpl.register(Ljava/util/Dictionary;)V+137
j  org.eclipse.osgi.internal.serviceregistry.ServiceRegistry.registerService(Lorg/eclipse/osgi/internal/framework/BundleContextImpl;[Ljava/lang/String;Ljava/lang/Object;Ljava/util/Dictionary;)Lorg/eclipse/osgi/internal/serviceregistry/ServiceRegistrationImpl;+317
j  org.eclipse.osgi.internal.framework.BundleContextImpl.registerService([Ljava/lang/String;Ljava/lang/Object;Ljava/util/Dictionary;)Lorg/osgi/framework/ServiceRegistration;+15
j  org.eclipse.osgi.internal.framework.BundleContextImpl.registerService(Ljava/lang/String;Ljava/lang/Object;Ljava/util/Dictionary;)Lorg/osgi/framework/ServiceRegistration;+15
j  org.eclipse.osgi.internal.framework.BundleContextImpl.registerService(Ljava/lang/Class;Ljava/lang/Object;Ljava/util/Dictionary;)Lorg/osgi/framework/ServiceRegistration;+7
j  org.eclipse.jdt.internal.core.JavaModelManager.registerDebugOptionsListener(Lorg/osgi/framework/BundleContext;)V+32
j  org.eclipse.jdt.core.JavaCore.start(Lorg/osgi/framework/BundleContext;)V+6
j  org.eclipse.osgi.internal.framework.BundleContextImpl$2.run()Ljava/lang/Void;+23
j  org.eclipse.osgi.internal.framework.BundleContextImpl$2.run()Ljava/lang/Object;+1
J 1160 c1 java.security.AccessController.executePrivileged(Ljava/security/PrivilegedExceptionAction;Ljava/security/AccessControlContext;Ljava/lang/Class;)Ljava/lang/Object; java.base@21.0.11 (65 bytes) @ 0x000001be801d8944 [0x000001be801d87e0+0x0000000000000164]
j  java.security.AccessController.doPrivileged(Ljava/security/PrivilegedExceptionAction;)Ljava/lang/Object;+9 java.base@21.0.11
j  org.eclipse.osgi.internal.framework.BundleContextImpl.startActivator(Lorg/osgi/framework/BundleActivator;)V+9
j  org.eclipse.osgi.internal.framework.BundleContextImpl.start()V+141
j  org.eclipse.osgi.internal.framework.EquinoxBundle.startWorker0()V+35
j  org.eclipse.osgi.internal.framework.EquinoxBundle$EquinoxModule.startWorker()V+4
j  org.eclipse.osgi.container.Module.doStart([Lorg/eclipse/osgi/container/Module$StartOptions;)Lorg/eclipse/osgi/container/ModuleContainerAdaptor$ModuleEvent;+200
J 2966 c1 org.eclipse.osgi.container.Module.start([Lorg/eclipse/osgi/container/Module$StartOptions;)V (662 bytes) @ 0x000001be805d476c [0x000001be805d26c0+0x00000000000020ac]
J 3366 c1 org.eclipse.osgi.framework.util.SecureAction.start(Lorg/eclipse/osgi/container/Module;[Lorg/eclipse/osgi/container/Module$StartOptions;)V (61 bytes) @ 0x000001be806b9b9c [0x000001be806b99e0+0x00000000000001bc]
J 2508 c1 org.eclipse.osgi.internal.hooks.EclipseLazyStarter.postFindLocalClass(Ljava/lang/String;Ljava/lang/Class;Lorg/eclipse/osgi/internal/loader/classpath/ClasspathManager;)V (394 bytes) @ 0x000001be804cc894 [0x000001be804cb8c0+0x0000000000000fd4]
J 2742 c1 org.eclipse.osgi.internal.loader.classpath.ClasspathManager.findLocalClass(Ljava/lang/String;)Ljava/lang/Class; (210 bytes) @ 0x000001be805430f4 [0x000001be805420e0+0x0000000000001014]
J 2506 c1 org.eclipse.osgi.internal.loader.BundleLoader.findLocalClass(Ljava/lang/String;)Ljava/lang/Class; (159 bytes) @ 0x000001be804c914c [0x000001be804c8560+0x0000000000000bec]
J 2761 c1 org.eclipse.osgi.internal.loader.sources.SingleSourcePackage.loadClass(Ljava/lang/String;)Ljava/lang/Class; (9 bytes) @ 0x000001be805555cc [0x000001be805554c0+0x000000000000010c]
J 2432 c1 org.eclipse.osgi.internal.loader.BundleLoader.findClass0(Ljava/lang/String;ZZ)Ljava/lang/Class; (490 bytes) @ 0x000001be8048ebe4 [0x000001be8048bb40+0x00000000000030a4]
J 2431 c1 org.eclipse.osgi.internal.loader.BundleLoader.findClass(Ljava/lang/String;)Ljava/lang/Class; (8 bytes) @ 0x000001be8048b14c [0x000001be8048b0c0+0x000000000000008c]
J 2434 c1 org.eclipse.osgi.internal.loader.ModuleClassLoader.loadClass(Ljava/lang/String;Z)Ljava/lang/Class; (36 bytes) @ 0x000001be80492acc [0x000001be804928a0+0x000000000000022c]
J 1018 c1 java.lang.ClassLoader.loadClass(Ljava/lang/String;)Ljava/lang/Class; java.base@21.0.11 (7 bytes) @ 0x000001be80195954 [0x000001be80195840+0x0000000000000114]
v  ~StubRoutines::call_stub 0x000001be8753100d
j  java.lang.Class.getDeclaredConstructors0(Z)[Ljava/lang/reflect/Constructor;+0 java.base@21.0.11
j  java.lang.Class.privateGetDeclaredConstructors(Z)[Ljava/lang/reflect/Constructor;+52 java.base@21.0.11
j  java.lang.Class.getConstructor0([Ljava/lang/Class;I)Ljava/lang/reflect/Constructor;+14 java.base@21.0.11
j  java.lang.Class.getConstructor([Ljava/lang/Class;)Ljava/lang/reflect/Constructor;+24 java.base@21.0.11
j  org.eclipse.osgi.internal.framework.BundleContextImpl.loadBundleActivator()Lorg/osgi/framework/BundleActivator;+105
j  org.eclipse.osgi.internal.framework.BundleContextImpl.start()V+18
j  org.eclipse.osgi.internal.framework.EquinoxBundle.startWorker0()V+35
j  org.eclipse.osgi.internal.framework.EquinoxBundle$EquinoxModule.startWorker()V+4
j  org.eclipse.osgi.container.Module.doStart([Lorg/eclipse/osgi/container/Module$StartOptions;)Lorg/eclipse/osgi/container/ModuleContainerAdaptor$ModuleEvent;+200
j  org.eclipse.osgi.container.Module.start([Lorg/eclipse/osgi/container/Module$StartOptions;)V+460
j  org.eclipse.osgi.container.ModuleContainer$ContainerStartLevel$2.run()V+83
j  org.eclipse.osgi.internal.framework.EquinoxContainerAdaptor$1$1.execute(Ljava/lang/Runnable;)V+1
j  org.eclipse.osgi.container.ModuleContainer$ContainerStartLevel.incStartLevel(ILjava/util/List;Z)V+193
j  org.eclipse.osgi.container.ModuleContainer$ContainerStartLevel.incStartLevel(ILjava/util/List;Ljava/util/List;Ljava/util/List;Ljava/util/List;)V+19
j  org.eclipse.osgi.container.ModuleContainer$ContainerStartLevel.doContainerStartLevel(Lorg/eclipse/osgi/container/Module;I[Lorg/osgi/framework/FrameworkListener;)V+358
j  org.eclipse.osgi.container.ModuleContainer$ContainerStartLevel.dispatchEvent(Lorg/eclipse/osgi/container/Module;[Lorg/osgi/framework/FrameworkListener;ILjava/lang/Integer;)V+32
j  org.eclipse.osgi.container.ModuleContainer$ContainerStartLevel.dispatchEvent(Ljava/lang/Object;Ljava/lang/Object;ILjava/lang/Object;)V+15
j  org.eclipse.osgi.framework.eventmgr.EventManager.dispatchEvent(Ljava/util/Set;Lorg/eclipse/osgi/framework/eventmgr/EventDispatcher;ILjava/lang/Object;)V+48
j  org.eclipse.osgi.framework.eventmgr.EventManager$EventThread.run()V+26
v  ~StubRoutines::call_stub 0x000001be8753100d

Compiled method (n/a) 6051 1127     n 0       java.lang.ClassLoader::defineClass1 (native)
 total in heap  [0x000001be87b3fc90,0x000001be87b40118] = 1160
 relocation     [0x000001be87b3fdf0,0x000001be87b3fe28] = 56
 main code      [0x000001be87b3fe40,0x000001be87b40116] = 726
 stub code      [0x000001be87b40116,0x000001be87b40118] = 2

[Constant Pool (empty)]

[MachCode]
[Entry Point]
  # {method} {0x000001be8f434a48} 'defineClass1' '(Ljava/lang/ClassLoader;Ljava/lang/String;[BIILjava/security/ProtectionDomain;Ljava/lang/String;)Ljava/lang/Class;' in 'java/lang/ClassLoader'
  # parm0:    rdx:rdx   = 'java/lang/ClassLoader'
  # parm1:    r8:r8     = 'java/lang/String'
  # parm2:    r9:r9     = '[B'
  # parm3:    rdi       = int
  # parm4:    rsi       = int
  # parm5:    rcx:rcx   = 'java/security/ProtectionDomain'
  # parm6:    [sp+0xa0]   = 'java/lang/String'  (sp of caller)
  0x000001be87b3fe40: 448b 5208 | 49bb 0000 | 008f be01 | 0000 4d03 | d349 3bc2 | 0f84 0600 

  0x000001be87b3fe58: ;   {runtime_call ic_miss_stub}
  0x000001be87b3fe58: 0000 e921 | e6a3 ff90 
[Verified Entry Point]
  0x000001be87b3fe60: 8984 2400 | 80ff ff55 | 488b ec48 | 81ec 9000 | 0000 6690 | 4181 7f20 | 0200 0000 

  0x000001be87b3fe7c: ;   {runtime_call StubRoutines (final stubs)}
  0x000001be87b3fe7c: 7405 e85d | 8ba2 ff48 | 837d 1000 | 488d 4510 | 480f 4445 | 1048 8944 | 2440 4889 | 4c24 7048 
  0x000001be87b3fe9c: 83f9 0048 | 8d44 2470 | 480f 4444 | 2470 4889 | 4424 3848 | 8974 2430 | 4889 7c24 | 284c 894c 
  0x000001be87b3febc: 2458 4983 | f900 488d | 4424 5848 | 0f44 4424 | 5848 8944 | 2420 4c89 | 4424 5049 | 83f8 004c 
  0x000001be87b3fedc: 8d4c 2450 | 4c0f 444c | 2450 4889 | 5424 4848 | 83fa 004c | 8d44 2448 | 4c0f 4444 

  0x000001be87b3fef8: ;   {oop(a 'java/lang/Class'{0x0000000080000a98} = 'java/lang/ClassLoader')}
  0x000001be87b3fef8: 2448 49be | 980a 0080 | 0000 0000 | 4c89 7424 | 784c 8d74 | 2478 498b | d6c5 f877 

  0x000001be87b3ff14: ;   {internal_word}
  0x000001be87b3ff14: 49ba 11ff | b387 be01 | 0000 4d89 | 97a8 0300 | 0049 89a7 | a003 0000 

  0x000001be87b3ff2c: ;   {external_word}
  0x000001be87b3ff2c: 49ba c66c | 26a5 fe7f | 0000 4180 | 3a00 0f84 | 4e00 0000 | 5241 5041 

  0x000001be87b3ff44: ;   {metadata({method} {0x000001be8f434a48} 'defineClass1' '(Ljava/lang/ClassLoader;Ljava/lang/String;[BIILjava/security/ProtectionDomain;Ljava/lang/String;)Ljava/lang/Class;' in 'java/lang/ClassLoader')}
  0x000001be87b3ff44: 5148 ba40 | 4a43 8fbe | 0100 0049 | 8bcf 4883 | ec20 40f6 | c40f 0f84 | 1900 0000 | 4883 ec08 
  0x000001be87b3ff64: ;   {runtime_call}
  0x000001be87b3ff64: 48b8 20e5 | cfa4 fe7f | 0000 ffd0 | 4883 c408 | e90c 0000 

  0x000001be87b3ff78: ;   {runtime_call}
  0x000001be87b3ff78: 0048 b820 | e5cf a4fe | 7f00 00ff | d048 83c4 | 2041 5941 | 585a 498d | 8fc0 0300 | 0041 c787 
  0x000001be87b3ff98: 4c04 0000 | 0400 0000 

  0x000001be87b3ffa0: ;   {runtime_call}
  0x000001be87b3ffa0: 48b8 ac16 | a24c ff7f | 0000 ffd0 | c5f8 7741 | c787 4c04 | 0000 0500 | 0000 f083 | 4424 c000 
  0x000001be87b3ffc0: 493b af50 | 0400 000f | 870e 0000 | 0041 83bf | 4804 0000 | 000f 842b | 0000 00c5 | f877 4889 
  0x000001be87b3ffe0: 45f8 498b | cf4c 8be4 | 4883 ec20 | 4883 e4f0 

  0x000001be87b3fff0: ;   {runtime_call}
  0x000001be87b3fff0: 48b8 e053 | 9ba4 fe7f | 0000 ffd0 | 498b e44d | 33e4 488b | 45f8 41c7 | 874c 0400 | 0008 0000 
  0x000001be87b40010: 0041 83bf | c804 0000 | 020f 84ca 

  0x000001be87b4001c: ;   {external_word}
  0x000001be87b4001c: 0000 0049 | bac6 6c26 | a5fe 7f00 | 0041 803a | 000f 844c | 0000 0048 

  0x000001be87b40034: ;   {metadata({method} {0x000001be8f434a48} 'defineClass1' '(Ljava/lang/ClassLoader;Ljava/lang/String;[BIILjava/security/ProtectionDomain;Ljava/lang/String;)Ljava/lang/Class;' in 'java/lang/ClassLoader')}
  0x000001be87b40034: 8945 f848 | ba40 4a43 | 8fbe 0100 | 0049 8bcf | 4883 ec20 | 40f6 c40f | 0f84 1900 | 0000 4883 
  0x000001be87b40054: ;   {runtime_call}
  0x000001be87b40054: ec08 48b8 | 20e5 cfa4 | fe7f 0000 | ffd0 4883 | c408 e90c 

  0x000001be87b40068: ;   {runtime_call}
  0x000001be87b40068: 0000 0048 | b820 e5cf | a4fe 7f00 | 00ff d048 | 83c4 2048 | 8b45 f849 | c787 a003 | 0000 0000 
  0x000001be87b40088: 0000 49c7 | 87a8 0300 | 0000 0000 | 00c5 f877 | 4885 c00f | 8425 0000 | 00a8 030f | 8508 0000 
  0x000001be87b400a8: 0048 8b00 | e915 0000 | 00a8 010f | 8509 0000 | 0048 8b40 | fee9 0400 | 0000 488b | 40ff 498b 
  0x000001be87b400c8: 8f30 0400 | 00c7 8100 | 0100 0000 | 0000 00c9 | 4983 7f08 | 000f 8501 | 0000 00c3 

  0x000001be87b400e4: ;   {runtime_call StubRoutines (initial stubs)}
  0x000001be87b400e4: e917 0e9f | ffc5 f877 | 4889 45f8 | 4c8b e448 | 83ec 2048 

  0x000001be87b400f8: ;   {runtime_call}
  0x000001be87b400f8: 83e4 f048 | b870 1cd0 | a4fe 7f00 | 00ff d049 | 8be4 4d33 | e448 8b45 | f8e9 09ff | ffff f4f4 
[/MachCode]


Compiled method (c1) 6055 1866       3       java.lang.ClassLoader::defineClass (43 bytes)
 total in heap  [0x000001be8035d890,0x000001be8035e1f0] = 2400
 relocation     [0x000001be8035d9f0,0x000001be8035da90] = 160
 main code      [0x000001be8035daa0,0x000001be8035df40] = 1184
 stub code      [0x000001be8035df40,0x000001be8035dfb8] = 120
 metadata       [0x000001be8035dfb8,0x000001be8035dfe8] = 48
 scopes data    [0x000001be8035dfe8,0x000001be8035e0d8] = 240
 scopes pcs     [0x000001be8035e0d8,0x000001be8035e1b8] = 224
 dependencies   [0x000001be8035e1b8,0x000001be8035e1c8] = 16
 nul chk table  [0x000001be8035e1c8,0x000001be8035e1f0] = 40

[Constant Pool (empty)]

[MachCode]
[Entry Point]
  # {method} {0x000001be8f434dc8} 'defineClass' '(Ljava/lang/String;[BIILjava/security/ProtectionDomain;)Ljava/lang/Class;' in 'java/lang/ClassLoader'
  # this:     rdx:rdx   = 'java/lang/ClassLoader'
  # parm0:    r8:r8     = 'java/lang/String'
  # parm1:    r9:r9     = '[B'
  # parm2:    rdi       = int
  # parm3:    rsi       = int
  # parm4:    rcx:rcx   = 'java/security/ProtectionDomain'
  #           [sp+0xc0]  (sp of caller)
  0x000001be8035daa0: 448b 5208 | 49bb 0000 | 008f be01 | 0000 4d03 | d34c 3bd0 

  0x000001be8035dab4: ;   {runtime_call ic_miss_stub}
  0x000001be8035dab4: 0f85 c609 | 2207 660f | 1f44 0000 
[Verified Entry Point]
  0x000001be8035dac0: 8984 2400 | 80ff ff55 | 4881 ecb0 | 0000 0090 | 4181 7f20 | 0200 0000 

  0x000001be8035dad8: ;   {runtime_call StubRoutines (final stubs)}
  0x000001be8035dad8: 7405 e801 | af20 0748 | 8954 2478 

  0x000001be8035dae4: ;   {metadata(method data for {method} {0x000001be8f434dc8} 'defineClass' '(Ljava/lang/String;[BIILjava/security/ProtectionDomain;)Ljava/lang/Class;' in 'java/lang/ClassLoader')}
  0x000001be8035dae4: 48bb e830 | 37d0 be01 | 0000 8b83 | cc00 0000 | 83c0 0289 | 83cc 0000 | 0025 fe07 | 0000 85c0 
  0x000001be8035db04: 0f84 5803 | 0000 89b4 | 2494 0000 | 0089 bc24 | 9000 0000 | 4c89 8c24 | 8800 0000 

  0x000001be8035db20: ;   {metadata(method data for {method} {0x000001be8f434dc8} 'defineClass' '(Ljava/lang/String;[BIILjava/security/ProtectionDomain;)Ljava/lang/Class;' in 'java/lang/ClassLoader')}
  0x000001be8035db20: 488b da48 | b8e8 3037 | d0be 0100 | 0048 8380 | 1001 0000 | 0149 8bd8 | 4c8b c34c | 8bc9 488b 
  0x000001be8035db40: ca48 8bd1 | 4889 9c24 | 8000 0000 

  0x000001be8035db4c: ;   {optimized virtual_call}
  0x000001be8035db4c: 6666 90e8 

  0x000001be8035db50: ; ImmutableOopMap {[120]=Oop [128]=Oop [136]=Oop }
                      ;*invokevirtual preDefineClass {reexecute=0 rethrow=0 return_oop=0}
                      ; - java.lang.ClassLoader::defineClass@4
  0x000001be8035db50: cc7e edff 

  0x000001be8035db54: ;   {other}
  0x000001be8035db54: 0f1f 8400 | c402 0000 | 4889 8424 | 9800 0000 | 488b 5424 

  0x000001be8035db68: ;   {metadata(method data for {method} {0x000001be8f434dc8} 'defineClass' '(Ljava/lang/String;[BIILjava/security/ProtectionDomain;)Ljava/lang/Class;' in 'java/lang/ClassLoader')}
  0x000001be8035db68: 7849 b8e8 | 3037 d0be | 0100 0049 | 8380 4801 

  0x000001be8035db78: ;   {metadata(method data for {method} {0x000001be8f434ab0} 'defineClassSourceLocation' '(Ljava/security/ProtectionDomain;)Ljava/lang/String;' in 'java/lang/ClassLoader')}
  0x000001be8035db78: 0000 0149 | b800 3837 | d0be 0100 | 0041 8b90 | cc00 0000 | 83c2 0241 | 8990 cc00 | 0000 81e2 
  0x000001be8035db98: feff 1f00 | 85d2 0f84 | df02 0000 

  0x000001be8035dba4: ; implicit exception: dispatches to 0x000001be8035dea4
  0x000001be8035dba4: 483b 004c 

  0x000001be8035dba8: ;   {metadata(method data for {method} {0x000001be8f434ab0} 'defineClassSourceLocation' '(Ljava/security/ProtectionDomain;)Ljava/lang/String;' in 'java/lang/ClassLoader')}
  0x000001be8035dba8: 8bc0 48ba | 0038 37d0 | be01 0000 | 4883 8210 | 0100 0001 | 448b 4010 

  0x000001be8035dbc0: ;   {metadata(method data for {method} {0x000001be8f434ab0} 'defineClassSourceLocation' '(Ljava/security/ProtectionDomain;)Ljava/lang/String;' in 'java/lang/ClassLoader')}
  0x000001be8035dbc0: 4d85 c048 | ba00 3837 | d0be 0100 | 0048 c7c6 | 5801 0000 | 7507 48c7 | c648 0100 | 0048 8b3c 
  0x000001be8035dbe0: 3248 8d7f | 0148 893c | 320f 850f 

  0x000001be8035dbec: ;   {oop(nullptr)}
  0x000001be8035dbec: 0000 0048 | bb00 0000 | 0000 0000 | 00e9 a901 | 0000 493b | 0049 8bd0 

  0x000001be8035dc04: ;   {metadata(method data for {method} {0x000001be8f434ab0} 'defineClassSourceLocation' '(Ljava/security/ProtectionDomain;)Ljava/lang/String;' in 'java/lang/ClassLoader')}
  0x000001be8035dc04: 48be 0038 | 37d0 be01 | 0000 4883 | 8668 0100 | 0001 418b | 500c 4885 

  0x000001be8035dc1c: ;   {metadata(method data for {method} {0x000001be8f434ab0} 'defineClassSourceLocation' '(Ljava/security/ProtectionDomain;)Ljava/lang/String;' in 'java/lang/ClassLoader')}
  0x000001be8035dc1c: d248 be00 | 3837 d0be | 0100 0048 | c7c7 b001 | 0000 7507 | 48c7 c7a0 | 0100 0048 | 8b1c 3e48 
  0x000001be8035dc3c: 8d5b 0148 | 891c 3e0f | 850f 0000 

  0x000001be8035dc48: ;   {oop(nullptr)}
  0x000001be8035dc48: 0048 bb00 | 0000 0000 | 0000 00e9 | 4f01 0000 

  0x000001be8035dc58: ;   {metadata(method data for {method} {0x000001be8f434ab0} 'defineClassSourceLocation' '(Ljava/security/ProtectionDomain;)Ljava/lang/String;' in 'java/lang/ClassLoader')}
  0x000001be8035dc58: 48be 0038 | 37d0 be01 | 0000 4883 | 86c0 0100 | 0001 483b | 024c 8bc2 

  0x000001be8035dc70: ;   {metadata(method data for {method} {0x000001be8f434ab0} 'defineClassSourceLocation' '(Ljava/security/ProtectionDomain;)Ljava/lang/String;' in 'java/lang/ClassLoader')}
  0x000001be8035dc70: 48be 0038 | 37d0 be01 | 0000 4883 | 86f8 0100 

  0x000001be8035dc80: ;   {metadata(method data for {method} {0x000001be8f01abf0} 'toString' '()Ljava/lang/String;' in 'java/net/URL')}
  0x000001be8035dc80: 0001 49b8 | d02b 37d0 | be01 0000 | 418b b0cc | 0000 0083 | c602 4189 | b0cc 0000 | 0081 e6fe 
  0x000001be8035dca0: ff1f 0085 | f60f 8408 | 0200 004c 

  0x000001be8035dcac: ;   {metadata(method data for {method} {0x000001be8f01abf0} 'toString' '()Ljava/lang/String;' in 'java/net/URL')}
  0x000001be8035dcac: 8bc2 48be | d02b 37d0 | be01 0000 | 4883 8610 | 0100 0001 

  0x000001be8035dcc0: ;   {metadata(method data for {method} {0x000001be8f428650} 'toExternalForm' '()Ljava/lang/String;' in 'java/net/URL')}
  0x000001be8035dcc0: 49b8 80c3 | 36d0 be01 | 0000 418b | b0cc 0000 | 0083 c602 | 4189 b0cc | 0000 0081 | e6fe ff1f 
  0x000001be8035dce0: 0085 f60f | 84eb 0100 | 008b 7238 

  0x000001be8035dcec: ; implicit exception: dispatches to 0x000001be8035def5
  0x000001be8035dcec: 483b 064c 

  0x000001be8035dcf0: ;   {metadata(method data for {method} {0x000001be8f428650} 'toExternalForm' '()Ljava/lang/String;' in 'java/net/URL')}
  0x000001be8035dcf0: 8bc6 48bf | 80c3 36d0 | be01 0000 | 458b 4008 | 49ba 0000 | 008f be01 | 0000 4d03 | c24c 3b87 
  0x000001be8035dd10: 2001 0000 | 750d 4883 | 8728 0100 | 0001 e960 | 0000 004c | 3b87 3001 | 0000 750d | 4883 8738 
  0x000001be8035dd30: 0100 0001 | e94a 0000 | 0048 83bf | 2001 0000 | 0075 174c | 8987 2001 | 0000 48c7 | 8728 0100 
  0x000001be8035dd50: 0001 0000 | 00e9 2900 | 0000 4883 | bf30 0100 | 0000 7517 | 4c89 8730 | 0100 0048 | c787 3801 
  0x000001be8035dd70: 0000 0100 | 0000 e908 | 0000 0048 | 8387 1001 | 0000 014c | 8bc2 488b | d60f 1f40 | 0048 b8ff 
  0x000001be8035dd90: ffff ffff 

  0x000001be8035dd94: ;   {virtual_call}
  0x000001be8035dd94: ffff ffe8 

  0x000001be8035dd98: ; ImmutableOopMap {[120]=Oop [128]=Oop [136]=Oop [152]=Oop }
                      ;*invokevirtual toExternalForm {reexecute=0 rethrow=0 return_oop=0}
                      ; - java.net.URL::toExternalForm@5
                      ; - java.net.URL::toString@1
                      ; - java.lang.ClassLoader::defineClassSourceLocation@22
                      ; - java.lang.ClassLoader::defineClass@12
  0x000001be8035dd98: f4a1 2d07 

  0x000001be8035dd9c: ;   {other}
  0x000001be8035dd9c: 0f1f 8400 | 0c05 0001 | 488b d848 | 8b84 2498 | 0000 008b | b424 9400 | 0000 8bbc | 2490 0000 
  0x000001be8035ddbc: 004c 8b8c | 2488 0000 | 004c 8b84 | 2480 0000 | 0048 8b54 

  0x000001be8035ddd0: ;   {metadata(method data for {method} {0x000001be8f434dc8} 'defineClass' '(Ljava/lang/String;[BIILjava/security/ProtectionDomain;)Ljava/lang/Class;' in 'java/lang/ClassLoader')}
  0x000001be8035ddd0: 2478 48b9 | e830 37d0 | be01 0000 | 4883 8180 | 0100 0001 | 4c8b da49 | 8bd3 488b | c848 891c 
  0x000001be8035ddf0: 2466 0f1f 

  0x000001be8035ddf4: ;   {static_call}
  0x000001be8035ddf4: 4400 00e8 

  0x000001be8035ddf8: ; ImmutableOopMap {[120]=Oop [152]=Oop }
                      ;*invokestatic defineClass1 {reexecute=0 rethrow=0 return_oop=0}
                      ; - java.lang.ClassLoader::defineClass@27
  0x000001be8035ddf8: 6420 7e07 

  0x000001be8035ddfc: ;   {other}
  0x000001be8035ddfc: 0f1f 8400 | 6c05 0002 | 488b 5424 

  0x000001be8035de08: ;   {metadata(method data for {method} {0x000001be8f434dc8} 'defineClass' '(Ljava/lang/String;[BIILjava/security/ProtectionDomain;)Ljava/lang/Class;' in 'java/lang/ClassLoader')}
  0x000001be8035de08: 7849 b8e8 | 3037 d0be | 0100 0049 | 8380 9001 | 0000 014c | 8bc0 4c8b | 8c24 9800 | 0000 488b 
  0x000001be8035de28: 5424 7848 | 8984 24a0 | 0000 000f 

  0x000001be8035de34: ;   {optimized virtual_call}
  0x000001be8035de34: 1f40 00e8 

  0x000001be8035de38: ; ImmutableOopMap {[160]=Oop }
                      ;*invokevirtual postDefineClass {reexecute=0 rethrow=0 return_oop=0}
                      ; - java.lang.ClassLoader::defineClass@37
  0x000001be8035de38: 6467 f7ff 

  0x000001be8035de3c: ;   {other}
  0x000001be8035de3c: 0f1f 8400 | ac05 0003 | 488b 8424 | a000 0000 | 4881 c4b0 | 0000 005d 

  0x000001be8035de54: ;   {poll_return}
  0x000001be8035de54: 493b a750 | 0400 000f | 8799 0000 

  0x000001be8035de60: ;   {metadata({method} {0x000001be8f434dc8} 'defineClass' '(Ljava/lang/String;[BIILjava/security/ProtectionDomain;)Ljava/lang/Class;' in 'java/lang/ClassLoader')}
  0x000001be8035de60: 00c3 49ba | c04d 438f | be01 0000 | 4c89 5424 | 0848 c704 | 24ff ffff 

  0x000001be8035de78: ;   {runtime_call counter_overflow Runtime1 stub}
  0x000001be8035de78: ffe8 8256 

  0x000001be8035de7c: ; ImmutableOopMap {rdx=Oop r8=Oop r9=Oop rcx=Oop [120]=Oop }
                      ;*synchronization entry
                      ; - java.lang.ClassLoader::defineClass@-1
  0x000001be8035de7c: 2d07 e987 

  0x000001be8035de80: ;   {metadata({method} {0x000001be8f434ab0} 'defineClassSourceLocation' '(Ljava/security/ProtectionDomain;)Ljava/lang/String;' in 'java/lang/ClassLoader')}
  0x000001be8035de80: fcff ff49 | baa8 4a43 | 8fbe 0100 | 004c 8954 | 2408 48c7 | 0424 ffff 

  0x000001be8035de98: ;   {runtime_call counter_overflow Runtime1 stub}
  0x000001be8035de98: ffff e861 

  0x000001be8035de9c: ; ImmutableOopMap {rax=Oop [120]=Oop [128]=Oop [136]=Oop [152]=Oop }
                      ;*synchronization entry
                      ; - java.lang.ClassLoader::defineClassSourceLocation@-1
                      ; - java.lang.ClassLoader::defineClass@12
  0x000001be8035de9c: 562d 07e9 | 00fd ffff 

  0x000001be8035dea4: ;   {runtime_call throw_null_pointer_exception Runtime1 stub}
  0x000001be8035dea4: e857 f32c 

  0x000001be8035dea8: ; ImmutableOopMap {rax=Oop [120]=Oop [128]=Oop [136]=Oop [152]=Oop }
                      ;*invokevirtual getCodeSource {reexecute=0 rethrow=0 return_oop=0}
                      ; - java.lang.ClassLoader::defineClassSourceLocation@1
                      ; - java.lang.ClassLoader::defineClass@12
                      ;   {runtime_call throw_null_pointer_exception Runtime1 stub}
  0x000001be8035dea8: 07e8 52f3 

  0x000001be8035deac: ; ImmutableOopMap {rax=Oop r8=Oop [120]=Oop [128]=Oop [136]=Oop [152]=Oop }
                      ;*invokevirtual getLocation {reexecute=0 rethrow=0 return_oop=0}
                      ; - java.lang.ClassLoader::defineClassSourceLocation@12
                      ; - java.lang.ClassLoader::defineClass@12
                      ;   {runtime_call throw_null_pointer_exception Runtime1 stub}
  0x000001be8035deac: 2c07 e84d 

  0x000001be8035deb0: ; ImmutableOopMap {rdx=Oop [120]=Oop [128]=Oop [136]=Oop [152]=Oop }
                      ;*invokevirtual toString {reexecute=0 rethrow=0 return_oop=0}
                      ; - java.lang.ClassLoader::defineClassSourceLocation@22
                      ; - java.lang.ClassLoader::defineClass@12
                      ;   {metadata({method} {0x000001be8f01abf0} 'toString' '()Ljava/lang/String;' in 'java/net/URL')}
  0x000001be8035deb0: f32c 0749 | bae8 ab01 | 8fbe 0100 | 004c 8954 | 2408 48c7 | 0424 ffff 

  0x000001be8035dec8: ;   {runtime_call counter_overflow Runtime1 stub}
  0x000001be8035dec8: ffff e831 

  0x000001be8035decc: ; ImmutableOopMap {rdx=Oop [120]=Oop [128]=Oop [136]=Oop [152]=Oop }
                      ;*synchronization entry
                      ; - java.net.URL::toString@-1
                      ; - java.lang.ClassLoader::defineClassSourceLocation@22
                      ; - java.lang.ClassLoader::defineClass@12
  0x000001be8035decc: 562d 07e9 | d7fd ffff 

  0x000001be8035ded4: ;   {metadata({method} {0x000001be8f428650} 'toExternalForm' '()Ljava/lang/String;' in 'java/net/URL')}
  0x000001be8035ded4: 49ba 4886 | 428f be01 | 0000 4c89 | 5424 0848 | c704 24ff 

  0x000001be8035dee8: ;   {runtime_call counter_overflow Runtime1 stub}
  0x000001be8035dee8: ffff ffe8 

  0x000001be8035deec: ; ImmutableOopMap {rdx=Oop [120]=Oop [128]=Oop [136]=Oop [152]=Oop }
                      ;*synchronization entry
                      ; - java.net.URL::toExternalForm@-1
                      ; - java.net.URL::toString@1
                      ; - java.lang.ClassLoader::defineClassSourceLocation@22
                      ; - java.lang.ClassLoader::defineClass@12
  0x000001be8035deec: 1056 2d07 | e9f4 fdff 

  0x000001be8035def4: ;   {runtime_call throw_null_pointer_exception Runtime1 stub}
  0x000001be8035def4: ffe8 06f3 

  0x000001be8035def8: ; ImmutableOopMap {rdx=Oop rsi=Oop [120]=Oop [128]=Oop [136]=Oop [152]=Oop }
                      ;*invokevirtual toExternalForm {reexecute=0 rethrow=0 return_oop=0}
                      ; - java.net.URL::toExternalForm@5
                      ; - java.net.URL::toString@1
                      ; - java.lang.ClassLoader::defineClassSourceLocation@22
                      ; - java.lang.ClassLoader::defineClass@12
                      ;   {internal_word}
  0x000001be8035def8: 2c07 49ba | 54de 3580 | be01 0000 | 4d89 9768 

  0x000001be8035df08: ;   {runtime_call SafepointBlob}
  0x000001be8035df08: 0400 00e9 | f06b 2207 | 498b 8700 | 0500 0049 | c787 0005 | 0000 0000 | 0000 49c7 | 8708 0500 
  0x000001be8035df28: 0000 0000 | 0048 81c4 | b000 0000 

  0x000001be8035df34: ;   {runtime_call unwind_exception Runtime1 stub}
  0x000001be8035df34: 5de9 c6e3 | 2c07 f4f4 | f4f4 f4f4 
[Stub Code]
  0x000001be8035df40: ;   {no_reloc}
  0x000001be8035df40: 0f1f 4400 

  0x000001be8035df44: ;   {static_stub}
  0x000001be8035df44: 0048 bb00 | 0000 0000 

  0x000001be8035df4c: ;   {runtime_call nmethod}
  0x000001be8035df4c: 0000 00e9 | fbff ffff 

  0x000001be8035df54: ;   {static_stub}
  0x000001be8035df54: 48bb 0000 | 0000 0000 

  0x000001be8035df5c: ;   {runtime_call nmethod}
  0x000001be8035df5c: 0000 e9fb 

  0x000001be8035df60: ;   {static_stub}
  0x000001be8035df60: ffff ff48 | bb00 0000 | 0000 0000 

  0x000001be8035df6c: ;   {runtime_call nmethod}
  0x000001be8035df6c: 00e9 fbff 

  0x000001be8035df70: ;   {static_stub}
  0x000001be8035df70: ffff 48bb | 0000 0000 | 0000 0000 

  0x000001be8035df7c: ;   {runtime_call nmethod}
  0x000001be8035df7c: e9fb ffff 

  0x000001be8035df80: ;   {runtime_call handle_exception_from_callee Runtime1 stub}
  0x000001be8035df80: ffe8 7a10 

  0x000001be8035df84: ;   {external_word}
  0x000001be8035df84: 2d07 48b9 | 4063 fca4 | fe7f 0000 | 4883 e4f0 

  0x000001be8035df94: ;   {runtime_call}
  0x000001be8035df94: 48b8 d0c4 | bea4 fe7f | 0000 ffd0 

  0x000001be8035dfa0: ;   {section_word}
  0x000001be8035dfa0: f449 baa1 | df35 80be | 0100 0041 

  0x000001be8035dfac: ;   {runtime_call DeoptimizationBlob}
  0x000001be8035dfac: 52e9 ee5d | 2207 f4f4 | f4f4 f4f4 
[/MachCode]


Compiled method (c1) 6062 2916   !   3       org.eclipse.osgi.internal.loader.ModuleClassLoader::defineClass (67 bytes)
 total in heap  [0x000001be805b7910,0x000001be805b84f0] = 3040
 relocation     [0x000001be805b7a70,0x000001be805b7b18] = 168
 main code      [0x000001be805b7b20,0x000001be805b8120] = 1536
 stub code      [0x000001be805b8120,0x000001be805b8190] = 112
 oops           [0x000001be805b8190,0x000001be805b8198] = 8
 metadata       [0x000001be805b8198,0x000001be805b81d8] = 64
 scopes data    [0x000001be805b81d8,0x000001be805b8328] = 336
 scopes pcs     [0x000001be805b8328,0x000001be805b8438] = 272
 dependencies   [0x000001be805b8438,0x000001be805b8450] = 24
 handler table  [0x000001be805b8450,0x000001be805b84c8] = 120
 nul chk table  [0x000001be805b84c8,0x000001be805b84f0] = 40

[Constant Pool (empty)]

[MachCode]
[Entry Point]
  # {method} {0x000001bed05dfd38} 'defineClass' '(Ljava/lang/String;[BLorg/eclipse/osgi/internal/loader/classpath/ClasspathEntry;)Lorg/eclipse/osgi/internal/loader/ModuleClassLoader$DefineClassResult;' in 'org/eclipse/osgi/internal/loader/ModuleClassLoader'
  # this:     rdx:rdx   = 'org/eclipse/osgi/internal/loader/ModuleClassLoader'
  # parm0:    r8:r8     = 'java/lang/String'
  # parm1:    r9:r9     = '[B'
  # parm2:    rdi:rdi   = 'org/eclipse/osgi/internal/loader/classpath/ClasspathEntry'
  #           [sp+0xb0]  (sp of caller)
  0x000001be805b7b20: 448b 5208 | 49bb 0000 | 008f be01 | 0000 4d03 | d34c 3bd0 

  0x000001be805b7b34: ;   {runtime_call ic_miss_stub}
  0x000001be805b7b34: 0f85 4669 | fc06 660f | 1f44 0000 
[Verified Entry Point]
  0x000001be805b7b40: 8984 2400 | 80ff ff55 | 4881 eca0 | 0000 0090 | 4181 7f20 | 0200 0000 

  0x000001be805b7b58: ;   {runtime_call StubRoutines (final stubs)}
  0x000001be805b7b58: 7405 e881 

  0x000001be805b7b5c: ;   {metadata(method data for {method} {0x000001bed05dfd38} 'defineClass' '(Ljava/lang/String;[BLorg/eclipse/osgi/internal/loader/classpath/ClasspathEntry;)Lorg/eclipse/osgi/internal/loader/ModuleClassLoader$DefineClassResult;' in 'org/eclipse/osgi/internal/loader/ModuleClassLoader')}
  0x000001be805b7b5c: 0efb 0648 | beb0 26c3 | d0be 0100 | 008b 9ecc | 0000 0083 | c302 899e | cc00 0000 | 81e3 fe07 
  0x000001be805b7b7c: 0000 85db | 0f84 5304 | 0000 4889 | 7c24 704c | 894c 2468 

  0x000001be805b7b90: ;   {metadata(method data for {method} {0x000001bed05dfd38} 'defineClass' '(Ljava/lang/String;[BLorg/eclipse/osgi/internal/loader/classpath/ClasspathEntry;)Lorg/eclipse/osgi/internal/loader/ModuleClassLoader$DefineClassResult;' in 'org/eclipse/osgi/internal/loader/ModuleClassLoader')}
  0x000001be805b7b90: 488b f248 | bbb0 26c3 | d0be 0100 | 008b 7608 | 49ba 0000 | 008f be01 | 0000 4903 | f248 3bb3 
  0x000001be805b7bb0: 2001 0000 | 750d 4883 | 8328 0100 | 0001 e960 | 0000 0048 | 3bb3 3001 | 0000 750d | 4883 8338 
  0x000001be805b7bd0: 0100 0001 | e94a 0000 | 0048 83bb | 2001 0000 | 0075 1748 | 89b3 2001 | 0000 48c7 | 8328 0100 
  0x000001be805b7bf0: 0001 0000 | 00e9 2900 | 0000 4883 | bb30 0100 | 0000 7517 | 4889 b330 | 0100 0048 | c783 3801 
  0x000001be805b7c10: 0000 0100 | 0000 e908 | 0000 0048 | 8383 1001 

  0x000001be805b7c20: ;   {metadata(method data for {method} {0x000001bed06249f0} 'getClassLoadingLock' '(Ljava/lang/String;)Ljava/lang/Object;' in 'org/eclipse/osgi/internal/loader/ModuleClassLoader')}
  0x000001be805b7c20: 0000 0148 | be38 5c8a | d0be 0100 | 008b 9ecc | 0000 0083 | c302 899e | cc00 0000 | 81e3 feff 
  0x000001be805b7c40: 1f00 85db | 0f84 b003 | 0000 8b72 | 5048 3b06 

  0x000001be805b7c50: ;   {metadata(method data for {method} {0x000001bed06249f0} 'getClassLoadingLock' '(Ljava/lang/String;)Ljava/lang/Object;' in 'org/eclipse/osgi/internal/loader/ModuleClassLoader')}
  0x000001be805b7c50: 488b de48 | b838 5c8a | d0be 0100 | 0048 8380 | 1001 0000 | 0149 8bd8 | 4c8b c348 | 8954 2458 
  0x000001be805b7c70: 488b d648 | 895c 2460 | 0f1f 8000 

  0x000001be805b7c7c: ;   {optimized virtual_call}
  0x000001be805b7c7c: 0000 00e8 

  0x000001be805b7c80: ; ImmutableOopMap {[88]=Oop [96]=Oop [104]=Oop [112]=Oop }
                      ;*invokevirtual getLock {reexecute=0 rethrow=0 return_oop=0}
                      ; - org.eclipse.osgi.internal.loader.ModuleClassLoader::getClassLoadingLock@5 (line 437)
                      ; - org.eclipse.osgi.internal.loader.ModuleClassLoader::defineClass@8 (line 312)
  0x000001be805b7c80: fcd4 efff 

  0x000001be805b7c84: ;   {other}
  0x000001be805b7c84: 0f1f 8400 | 7403 0000 | 4889 4424 | 7848 8d94 | 2480 0000 | 0048 8bf0 | 4889 7208 

  0x000001be805b7ca0: ; implicit exception: dispatches to 0x000001be805b8020
  0x000001be805b7ca0: 488b 0648 | 83c8 0148 | 8902 f048 | 0fb1 160f | 8412 0000 | 0048 2bc4 | 4825 07f0 | ffff 4889 
  0x000001be805b7cc0: 020f 855e | 0300 0049 | ff87 5005 | 0000 488b 

  0x000001be805b7cd0: ;   {metadata(method data for {method} {0x000001bed05dfd38} 'defineClass' '(Ljava/lang/String;[BLorg/eclipse/osgi/internal/loader/classpath/ClasspathEntry;)Lorg/eclipse/osgi/internal/loader/ModuleClassLoader$DefineClassResult;' in 'org/eclipse/osgi/internal/loader/ModuleClassLoader')}
  0x000001be805b7cd0: 5424 5848 | beb0 26c3 | d0be 0100 | 0048 8386 | 4801 0000 

  0x000001be805b7ce4: ;   {metadata(method data for {method} {0x000001be8f434ed0} 'findLoadedClass' '(Ljava/lang/String;)Ljava/lang/Class;' in 'java/lang/ClassLoader')}
  0x000001be805b7ce4: 0148 bac0 | 1724 d0be | 0100 008b | b2cc 0000 | 0083 c602 | 89b2 cc00 | 0000 81e6 | feff 1f00 
  0x000001be805b7d04: 85f6 0f84 | 2c03 0000 

  0x000001be805b7d0c: ;   {metadata(method data for {method} {0x000001be8f434ed0} 'findLoadedClass' '(Ljava/lang/String;)Ljava/lang/Class;' in 'java/lang/ClassLoader')}
  0x000001be805b7d0c: 48ba c017 | 24d0 be01 | 0000 4883 | 8210 0100 | 0001 488b | 5424 600f 

  0x000001be805b7d24: ;   {static_call}
  0x000001be805b7d24: 1f40 00e8 

  0x000001be805b7d28: ; ImmutableOopMap {[88]=Oop [96]=Oop [104]=Oop [112]=Oop [120]=Oop [136]=Oop }
                      ;*invokestatic checkName {reexecute=0 rethrow=0 return_oop=0}
                      ; - java.lang.ClassLoader::findLoadedClass@1
                      ; - org.eclipse.osgi.internal.loader.ModuleClassLoader::defineClass@17 (line 313)
  0x000001be805b7d28: 340b 6507 

  0x000001be805b7d2c: ;   {other}
  0x000001be805b7d2c: 0f1f 8400 | 1c04 0001 

  0x000001be805b7d34: ;   {metadata(method data for {method} {0x000001be8f434ed0} 'findLoadedClass' '(Ljava/lang/String;)Ljava/lang/Class;' in 'java/lang/ClassLoader')}
  0x000001be805b7d34: 85c0 49b8 | c017 24d0 | be01 0000 | 48c7 c220 | 0100 0075 | 0748 c7c2 | 3001 0000 | 498b 3410 
  0x000001be805b7d54: 488d 7601 | 4989 3410 | 0f85 0f00 

  0x000001be805b7d60: ;   {oop(nullptr)}
  0x000001be805b7d60: 0000 48be | 0000 0000 | 0000 0000 | e936 0000 | 0048 8b54 

  0x000001be805b7d74: ;   {metadata(method data for {method} {0x000001be8f434ed0} 'findLoadedClass' '(Ljava/lang/String;)Ljava/lang/Class;' in 'java/lang/ClassLoader')}
  0x000001be805b7d74: 2458 49b8 | c017 24d0 | be01 0000 | 4983 8040 | 0100 0001 | 4c8b 4424 | 6048 8b54 | 2458 0f1f 
  0x000001be805b7d94: ;   {optimized virtual_call}
  0x000001be805b7d94: 4400 00e8 

  0x000001be805b7d98: ; ImmutableOopMap {[88]=Oop [96]=Oop [104]=Oop [112]=Oop [120]=Oop [136]=Oop }
                      ;*invokevirtual findLoadedClass0 {reexecute=0 rethrow=0 return_oop=0}
                      ; - java.lang.ClassLoader::findLoadedClass@11
                      ; - org.eclipse.osgi.internal.loader.ModuleClassLoader::defineClass@17 (line 313)
  0x000001be805b7d98: 24c9 5307 

  0x000001be805b7d9c: ;   {other}
  0x000001be805b7d9c: 0f1f 8400 | 8c04 0002 | 488b f048 

  0x000001be805b7da8: ;   {metadata(method data for {method} {0x000001bed05dfd38} 'defineClass' '(Ljava/lang/String;[BLorg/eclipse/osgi/internal/loader/classpath/ClasspathEntry;)Lorg/eclipse/osgi/internal/loader/ModuleClassLoader$DefineClassResult;' in 'org/eclipse/osgi/internal/loader/ModuleClassLoader')}
  0x000001be805b7da8: 85f6 49b8 | b026 c3d0 | be01 0000 | 49c7 c190 | 0100 0074 | 0749 c7c1 | 8001 0000 | 4b8b 3c08 
  0x000001be805b7dc8: 488d 7f01 | 4b89 3c08 | 0f84 0e00 | 0000 488b | de41 b800 | 0000 00e9 | 6900 0000 | 488b 7c24 
  0x000001be805b7de8: 704c 8b4c | 2468 4c8b | 4424 6048 | 8b54 2458 

  0x000001be805b7df8: ; implicit exception: dispatches to 0x000001be805b8059
  0x000001be805b7df8: 418b 710c 

  0x000001be805b7dfc: ; implicit exception: dispatches to 0x000001be805b805e
  0x000001be805b7dfc: 483b 0748 

  0x000001be805b7e00: ;   {metadata(method data for {method} {0x000001bed05dfd38} 'defineClass' '(Ljava/lang/String;[BLorg/eclipse/osgi/internal/loader/classpath/ClasspathEntry;)Lorg/eclipse/osgi/internal/loader/ModuleClassLoader$DefineClassResult;' in 'org/eclipse/osgi/internal/loader/ModuleClassLoader')}
  0x000001be805b7e00: 8bcf 48bb | b026 c3d0 | be01 0000 | 4883 83b8 | 0100 0001 | 8b4f 1048 

  0x000001be805b7e18: ;   {metadata(method data for {method} {0x000001bed05dfd38} 'defineClass' '(Ljava/lang/String;[BLorg/eclipse/osgi/internal/loader/classpath/ClasspathEntry;)Lorg/eclipse/osgi/internal/loader/ModuleClassLoader$DefineClassResult;' in 'org/eclipse/osgi/internal/loader/ModuleClassLoader')}
  0x000001be805b7e18: 8bfa 48bb | b026 c3d0 | be01 0000 | 4883 83d8 | 0100 0001 | bf00 0000 | 0066 0f1f 

  0x000001be805b7e34: ;   {optimized virtual_call}
  0x000001be805b7e34: 4400 00e8 

  0x000001be805b7e38: ; ImmutableOopMap {[120]=Oop [136]=Oop }
                      ;*invokevirtual defineClass {reexecute=0 rethrow=0 return_oop=0}
                      ; - org.eclipse.osgi.internal.loader.ModuleClassLoader::defineClass@37 (line 315)
  0x000001be805b7e38: 845c daff 

  0x000001be805b7e3c: ;   {other}
  0x000001be805b7e3c: 0f1f 8400 | 2c05 0003 | 488b d841 | b801 0000 | 0048 8d84 | 2480 0000 | 0048 8b10 | 4885 d20f 
  0x000001be805b7e5c: 840f 0000 | 0048 8b70 | 08f0 480f | b116 0f85 | f301 0000 | 49ff 8f50 

  0x000001be805b7e74: ;   {metadata(method data for {method} {0x000001bed05dfd38} 'defineClass' '(Ljava/lang/String;[BLorg/eclipse/osgi/internal/loader/classpath/ClasspathEntry;)Lorg/eclipse/osgi/internal/loader/ModuleClassLoader$DefineClassResult;' in 'org/eclipse/osgi/internal/loader/ModuleClassLoader')}
  0x000001be805b7e74: 0500 0048 | bab0 26c3 | d0be 0100 | 00ff 8210 

  0x000001be805b7e84: ;   {metadata('org/eclipse/osgi/internal/loader/ModuleClassLoader$DefineClassResult')}
  0x000001be805b7e84: 0200 0048 | ba10 6212 | 90be 0100 | 0049 8b87 | b801 0000 | 488d 7818 | 493b bfc8 | 0100 000f 
  0x000001be805b7ea4: 87d0 0100 | 0049 89bf | b801 0000 | 48c7 0001 | 0000 0048 | 8bca 49ba | 0000 008f | be01 0000 
  0x000001be805b7ec4: 492b ca89 | 4808 4833 | c989 480c | 4833 c948 | 8948 1048 

  0x000001be805b7ed8: ;   {metadata(method data for {method} {0x000001bed05dfd38} 'defineClass' '(Ljava/lang/String;[BLorg/eclipse/osgi/internal/loader/classpath/ClasspathEntry;)Lorg/eclipse/osgi/internal/loader/ModuleClassLoader$DefineClassResult;' in 'org/eclipse/osgi/internal/loader/ModuleClassLoader')}
  0x000001be805b7ed8: 8bf0 48bf | b026 c3d0 | be01 0000 | 4883 8728 | 0200 0001 

  0x000001be805b7eec: ;   {metadata(method data for {method} {0x000001bed078bb18} '<init>' '(Ljava/lang/Class;Z)V' in 'org/eclipse/osgi/internal/loader/ModuleClassLoader$DefineClassResult')}
  0x000001be805b7eec: 48be 28ef | a9d0 be01 | 0000 8bbe | cc00 0000 | 83c7 0289 | becc 0000 | 0081 e7fe | ff1f 0085 
  0x000001be805b7f0c: ff0f 8473 | 0100 0048 

  0x000001be805b7f14: ;   {metadata(method data for {method} {0x000001bed078bb18} '<init>' '(Ljava/lang/Class;Z)V' in 'org/eclipse/osgi/internal/loader/ModuleClassLoader$DefineClassResult')}
  0x000001be805b7f14: 8bf0 48bf | 28ef a9d0 | be01 0000 | 4883 8710 | 0100 0001 

  0x000001be805b7f28: ;   {metadata(method data for {method} {0x000001be8f4748b8} '<init>' '()V' in 'java/lang/Object')}
  0x000001be805b7f28: 48be 9067 | 00d0 be01 | 0000 8bbe | cc00 0000 | 83c7 0289 | becc 0000 | 0081 e7fe | ff1f 0085 
  0x000001be805b7f48: ff0f 8458 | 0100 004c | 8bd3 4489 | 5010 488d | 3048 c1ee | 0948 bf00 | 0084 f2be | 0100 00c6 
  0x000001be805b7f68: 043e 0041 | 83e0 0144 | 8840 0c48 | 81c4 a000 

  0x000001be805b7f78: ;   {poll_return}
  0x000001be805b7f78: 0000 5d49 | 3ba7 5004 | 0000 0f87 | 4001 0000 | c349 8b87 | 0005 0000 | 4d33 d24d | 8997 0005 
  0x000001be805b7f98: 0000 4d33 | d24d 8997 | 0805 0000 | 488b f048 | 8d84 2480 | 0000 0048 | 8b38 4885 | ff0f 840f 
  0x000001be805b7fb8: 0000 0048 | 8b58 08f0 | 480f b13b | 0f85 1401 | 0000 49ff | 8f50 0500 | 0048 8bc6 | e938 0100 
  0x000001be805b7fd8: ;   {metadata({method} {0x000001bed05dfd38} 'defineClass' '(Ljava/lang/String;[BLorg/eclipse/osgi/internal/loader/classpath/ClasspathEntry;)Lorg/eclipse/osgi/internal/loader/ModuleClassLoader$DefineClassResult;' in 'org/eclipse/osgi/internal/loader/ModuleClassLoader')}
  0x000001be805b7fd8: 0049 ba30 | fd5d d0be | 0100 004c | 8954 2408 | 48c7 0424 | ffff ffff 

  0x000001be805b7ff0: ;   {runtime_call counter_overflow Runtime1 stub}
  0x000001be805b7ff0: e80b b507 

  0x000001be805b7ff4: ; ImmutableOopMap {rdx=Oop r8=Oop r9=Oop rdi=Oop }
                      ;*synchronization entry
                      ; - org.eclipse.osgi.internal.loader.ModuleClassLoader::defineClass@-1 (line 310)
  0x000001be805b7ff4: 07e9 8cfb 

  0x000001be805b7ff8: ;   {metadata({method} {0x000001bed06249f0} 'getClassLoadingLock' '(Ljava/lang/String;)Ljava/lang/Object;' in 'org/eclipse/osgi/internal/loader/ModuleClassLoader')}
  0x000001be805b7ff8: ffff 49ba | e849 62d0 | be01 0000 | 4c89 5424 | 0848 c704 | 24ff ffff 

  0x000001be805b8010: ;   {runtime_call counter_overflow Runtime1 stub}
  0x000001be805b8010: ffe8 eab4 

  0x000001be805b8014: ; ImmutableOopMap {rdx=Oop r8=Oop [104]=Oop [112]=Oop }
                      ;*synchronization entry
                      ; - org.eclipse.osgi.internal.loader.ModuleClassLoader::getClassLoadingLock@-1 (line 437)
                      ; - org.eclipse.osgi.internal.loader.ModuleClassLoader::defineClass@8 (line 312)
  0x000001be805b8014: 0707 e92f 

  0x000001be805b8018: ;   {runtime_call throw_null_pointer_exception Runtime1 stub}
  0x000001be805b8018: fcff ffe8 

  0x000001be805b801c: ; ImmutableOopMap {rdx=Oop r8=Oop rsi=Oop [104]=Oop [112]=Oop }
                      ;*invokevirtual getLock {reexecute=0 rethrow=0 return_oop=0}
                      ; - org.eclipse.osgi.internal.loader.ModuleClassLoader::getClassLoadingLock@5 (line 437)
                      ; - org.eclipse.osgi.internal.loader.ModuleClassLoader::defineClass@8 (line 312)
  0x000001be805b801c: e051 0707 

  0x000001be805b8020: ;   {runtime_call throw_null_pointer_exception Runtime1 stub}
  0x000001be805b8020: e8db 5107 

  0x000001be805b8024: ; ImmutableOopMap {rsi=Oop [88]=Oop [96]=Oop [104]=Oop [112]=Oop [120]=Oop }
                      ;*monitorenter {reexecute=0 rethrow=0 return_oop=0}
                      ; - org.eclipse.osgi.internal.loader.ModuleClassLoader::defineClass@14 (line 312)
  0x000001be805b8024: 0748 8974 | 2408 4889 

  0x000001be805b802c: ;   {runtime_call monitorenter_nofpu Runtime1 stub}
  0x000001be805b802c: 1424 e8cd 

  0x000001be805b8030: ; ImmutableOopMap {rsi=Oop [88]=Oop [96]=Oop [104]=Oop [112]=Oop [120]=Oop [136]=Oop }
                      ;*monitorenter {reexecute=0 rethrow=0 return_oop=0}
                      ; - org.eclipse.osgi.internal.loader.ModuleClassLoader::defineClass@14 (line 312)
  0x000001be805b8030: 8707 07e9 | 96fc ffff 

  0x000001be805b8038: ;   {metadata({method} {0x000001be8f434ed0} 'findLoadedClass' '(Ljava/lang/String;)Ljava/lang/Class;' in 'java/lang/ClassLoader')}
  0x000001be805b8038: 49ba c84e | 438f be01 | 0000 4c89 | 5424 0848 | c704 24ff 

  0x000001be805b804c: ;   {runtime_call counter_overflow Runtime1 stub}
  0x000001be805b804c: ffff ffe8 

  0x000001be805b8050: ; ImmutableOopMap {[88]=Oop [96]=Oop [104]=Oop [112]=Oop [120]=Oop [136]=Oop }
                      ;*synchronization entry
                      ; - java.lang.ClassLoader::findLoadedClass@-1
                      ; - org.eclipse.osgi.internal.loader.ModuleClassLoader::defineClass@17 (line 313)
  0x000001be805b8050: acb4 0707 | e9b3 fcff 

  0x000001be805b8058: ;   {runtime_call throw_null_pointer_exception Runtime1 stub}
  0x000001be805b8058: ffe8 a251 

  0x000001be805b805c: ; ImmutableOopMap {rdx=Oop r8=Oop r9=Oop rdi=Oop [120]=Oop [136]=Oop }
                      ;*arraylength {reexecute=0 rethrow=0 return_oop=0}
                      ; - org.eclipse.osgi.internal.loader.ModuleClassLoader::defineClass@32 (line 315)
                      ;   {runtime_call throw_null_pointer_exception Runtime1 stub}
  0x000001be805b805c: 0707 e89d 

  0x000001be805b8060: ; ImmutableOopMap {rdx=Oop r8=Oop r9=Oop rdi=Oop [120]=Oop [136]=Oop }
                      ;*invokevirtual getDomain {reexecute=0 rethrow=0 return_oop=0}
                      ; - org.eclipse.osgi.internal.loader.ModuleClassLoader::defineClass@34 (line 315)
  0x000001be805b8060: 5107 0748 | 8d84 2480 | 0000 0048 

  0x000001be805b806c: ;   {runtime_call monitorexit_nofpu Runtime1 stub}
  0x000001be805b806c: 8904 24e8 | 8c8d 0707 | e9fe fdff | ff48 8bd2 

  0x000001be805b807c: ;   {runtime_call fast_new_instance Runtime1 stub}
  0x000001be805b807c: e87f 5a07 

  0x000001be805b8080: ; ImmutableOopMap {rbx=Oop }
                      ;*new {reexecute=0 rethrow=0 return_oop=0}
                      ; - org.eclipse.osgi.internal.loader.ModuleClassLoader::defineClass@55 (line 319)
  0x000001be805b8080: 07e9 51fe 

  0x000001be805b8084: ;   {metadata({method} {0x000001bed078bb18} '<init>' '(Ljava/lang/Class;Z)V' in 'org/eclipse/osgi/internal/loader/ModuleClassLoader$DefineClassResult')}
  0x000001be805b8084: ffff 49ba | 10bb 78d0 | be01 0000 | 4c89 5424 | 0848 c704 | 24ff ffff 

  0x000001be805b809c: ;   {runtime_call counter_overflow Runtime1 stub}
  0x000001be805b809c: ffe8 5eb4 

  0x000001be805b80a0: ; ImmutableOopMap {rbx=Oop rax=Oop }
                      ;*synchronization entry
                      ; - org.eclipse.osgi.internal.loader.ModuleClassLoader$DefineClassResult::<init>@-1 (line 96)
                      ; - org.eclipse.osgi.internal.loader.ModuleClassLoader::defineClass@63 (line 319)
  0x000001be805b80a0: 0707 e96c 

  0x000001be805b80a4: ;   {metadata({method} {0x000001be8f4748b8} '<init>' '()V' in 'java/lang/Object')}
  0x000001be805b80a4: feff ff49 | bab0 4847 | 8fbe 0100 | 004c 8954 | 2408 48c7 | 0424 ffff 

  0x000001be805b80bc: ;   {runtime_call counter_overflow Runtime1 stub}
  0x000001be805b80bc: ffff e83d 

  0x000001be805b80c0: ; ImmutableOopMap {rbx=Oop rax=Oop }
                      ;*synchronization entry
                      ; - java.lang.Object::<init>@-1
                      ; - org.eclipse.osgi.internal.loader.ModuleClassLoader$DefineClassResult::<init>@1 (line 96)
                      ; - org.eclipse.osgi.internal.loader.ModuleClassLoader::defineClass@63 (line 319)
  0x000001be805b80c0: b407 07e9 | 87fe ffff 

  0x000001be805b80c8: ;   {internal_word}
  0x000001be805b80c8: 49ba 7b7f | 5b80 be01 | 0000 4d89 | 9768 0400 

  0x000001be805b80d8: ;   {runtime_call SafepointBlob}
  0x000001be805b80d8: 00e9 22ca | fc06 488d | 8424 8000 | 0000 4889 

  0x000001be805b80e8: ;   {runtime_call monitorexit_nofpu Runtime1 stub}
  0x000001be805b80e8: 0424 e811 | 8d07 07e9 | ddfe ffff | 498b 8700 | 0500 0049 | c787 0005 | 0000 0000 | 0000 49c7 
  0x000001be805b8108: 8708 0500 | 0000 0000 | 0048 81c4 | a000 0000 

  0x000001be805b8118: ;   {runtime_call unwind_exception Runtime1 stub}
  0x000001be805b8118: 5de9 e241 | 0707 f4f4 
[Stub Code]
  0x000001be805b8120: ;   {no_reloc}
  0x000001be805b8120: 48bb 0000 | 0000 0000 

  0x000001be805b8128: ;   {runtime_call nmethod}
  0x000001be805b8128: 0000 e9fb 

  0x000001be805b812c: ;   {static_stub}
  0x000001be805b812c: ffff ff48 | bb00 0000 | 0000 0000 

  0x000001be805b8138: ;   {runtime_call nmethod}
  0x000001be805b8138: 00e9 fbff 

  0x000001be805b813c: ;   {static_stub}
  0x000001be805b813c: ffff 48bb | 0000 0000 | 0000 0000 

  0x000001be805b8148: ;   {runtime_call nmethod}
  0x000001be805b8148: e9fb ffff 

  0x000001be805b814c: ;   {static_stub}
  0x000001be805b814c: ff48 bb00 | 0000 0000 

  0x000001be805b8154: ;   {runtime_call nmethod}
  0x000001be805b8154: 0000 00e9 | fbff ffff 
[Exception Handler]
  0x000001be805b815c: ;   {runtime_call handle_exception_from_callee Runtime1 stub}
  0x000001be805b815c: e89f 6e07 

  0x000001be805b8160: ;   {external_word}
  0x000001be805b8160: 0748 b940 | 63fc a4fe | 7f00 0048 

  0x000001be805b816c: ;   {runtime_call}
  0x000001be805b816c: 83e4 f048 | b8d0 c4be | a4fe 7f00 | 00ff d0f4 
[Deopt Handler Code]
  0x000001be805b817c: ;   {section_word}
  0x000001be805b817c: 49ba 7c81 | 5b80 be01 | 0000 4152 

  0x000001be805b8188: ;   {runtime_call DeoptimizationBlob}
  0x000001be805b8188: e913 bcfc | 06f4 f4f4 
[/MachCode]


---------------  P R O C E S S  ---------------

Threads class SMR info:
_java_thread_list=0x000001befd9f4e90, length=21, elements={
0x000001bef0dd7360, 0x000001befcb548b0, 0x000001befcb56240, 0x000001befcb5a9e0,
0x000001befcb5b440, 0x000001befcb5d530, 0x000001befcb60d60, 0x000001befcb64660,
0x000001befcb7f140, 0x000001befcd64070, 0x000001befce917a0, 0x000001befd822ad0,
0x000001befd9de980, 0x000001befd9f5230, 0x000001befd9f58a0, 0x000001befdc9cde0,
0x000001befe107d90, 0x000001befde84df0, 0x000001befde0ce40, 0x000001befde0e880,
0x000001befde0ef10
}

Java Threads: ( => current thread )
  0x000001bef0dd7360 JavaThread "main"                              [_thread_blocked, id=4320, stack(0x0000006ae6b00000,0x0000006ae6c00000) (1024K)]
  0x000001befcb548b0 JavaThread "Reference Handler"          daemon [_thread_blocked, id=10080, stack(0x0000006ae6f00000,0x0000006ae7000000) (1024K)]
  0x000001befcb56240 JavaThread "Finalizer"                  daemon [_thread_blocked, id=8344, stack(0x0000006ae7000000,0x0000006ae7100000) (1024K)]
  0x000001befcb5a9e0 JavaThread "Signal Dispatcher"          daemon [_thread_blocked, id=23976, stack(0x0000006ae7100000,0x0000006ae7200000) (1024K)]
  0x000001befcb5b440 JavaThread "Attach Listener"            daemon [_thread_blocked, id=6312, stack(0x0000006ae7200000,0x0000006ae7300000) (1024K)]
  0x000001befcb5d530 JavaThread "Service Thread"             daemon [_thread_blocked, id=9488, stack(0x0000006ae7300000,0x0000006ae7400000) (1024K)]
  0x000001befcb60d60 JavaThread "Monitor Deflation Thread"   daemon [_thread_blocked, id=9476, stack(0x0000006ae7400000,0x0000006ae7500000) (1024K)]
  0x000001befcb64660 JavaThread "C2 CompilerThread0"         daemon [_thread_blocked, id=18232, stack(0x0000006ae7500000,0x0000006ae7600000) (1024K)]
  0x000001befcb7f140 JavaThread "C1 CompilerThread0"         daemon [_thread_blocked, id=16780, stack(0x0000006ae7600000,0x0000006ae7700000) (1024K)]
  0x000001befcd64070 JavaThread "Common-Cleaner"             daemon [_thread_blocked, id=25956, stack(0x0000006ae7700000,0x0000006ae7800000) (1024K)]
  0x000001befce917a0 JavaThread "Notification Thread"        daemon [_thread_blocked, id=26940, stack(0x0000006ae7900000,0x0000006ae7a00000) (1024K)]
  0x000001befd822ad0 JavaThread "Active Thread: Equinox Container: af332892-41e8-4cc5-955c-dd15327ae6ef"        [_thread_blocked, id=25456, stack(0x0000006ae8100000,0x0000006ae8200000) (1024K)]
  0x000001befd9de980 JavaThread "Refresh Thread: Equinox Container: af332892-41e8-4cc5-955c-dd15327ae6ef" daemon [_thread_blocked, id=21384, stack(0x0000006ae8200000,0x0000006ae8300000) (1024K)]
  0x000001befd9f5230 JavaThread "Framework Event Dispatcher: Equinox Container: af332892-41e8-4cc5-955c-dd15327ae6ef" daemon [_thread_blocked, id=3136, stack(0x0000006ae8300000,0x0000006ae8400000) (1024K)]
=>0x000001befd9f58a0 JavaThread "Start Level: Equinox Container: af332892-41e8-4cc5-955c-dd15327ae6ef" daemon [_thread_in_vm, id=3276, stack(0x0000006ae8400000,0x0000006ae8500000) (1024K)]
  0x000001befdc9cde0 JavaThread "Bundle File Closer"         daemon [_thread_blocked, id=16008, stack(0x0000006ae8700000,0x0000006ae8800000) (1024K)]
  0x000001befe107d90 JavaThread "SCR Component Actor"        daemon [_thread_blocked, id=11124, stack(0x0000006ae7800000,0x0000006ae7900000) (1024K)]
  0x000001befde84df0 JavaThread "Worker-JM"                         [_thread_blocked, id=13124, stack(0x0000006ae8900000,0x0000006ae8a00000) (1024K)]
  0x000001befde0ce40 JavaThread "Worker-0"                          [_thread_blocked, id=5740, stack(0x0000006ae8a00000,0x0000006ae8b00000) (1024K)]
  0x000001befde0e880 JavaThread "Worker-1"                          [_thread_blocked, id=4796, stack(0x0000006ae8b00000,0x0000006ae8c00000) (1024K)]
  0x000001befde0ef10 JavaThread "Worker-2"                          [_thread_blocked, id=15128, stack(0x0000006ae8c00000,0x0000006ae8d00000) (1024K)]
Total: 21

Other Threads:
  0x000001bef335eb10 VMThread "VM Thread"                           [id=2688, stack(0x0000006ae6e00000,0x0000006ae6f00000) (1024K)]
  0x000001bef312ca00 WatcherThread "VM Periodic Task Thread"        [id=15836, stack(0x0000006ae6d00000,0x0000006ae6e00000) (1024K)]
  0x000001bef32b8830 WorkerThread "GC Thread#0"                     [id=20248, stack(0x0000006ae6c00000,0x0000006ae6d00000) (1024K)]
  0x000001befd5cad20 WorkerThread "GC Thread#1"                     [id=23496, stack(0x0000006ae7b00000,0x0000006ae7c00000) (1024K)]
  0x000001befd5cb8f0 WorkerThread "GC Thread#2"                     [id=3612, stack(0x0000006ae7c00000,0x0000006ae7d00000) (1024K)]
  0x000001befd24a6a0 WorkerThread "GC Thread#3"                     [id=12640, stack(0x0000006ae7d00000,0x0000006ae7e00000) (1024K)]
  0x000001befd24aa50 WorkerThread "GC Thread#4"                     [id=5652, stack(0x0000006ae7e00000,0x0000006ae7f00000) (1024K)]
  0x000001befd24ae00 WorkerThread "GC Thread#5"                     [id=8912, stack(0x0000006ae7f00000,0x0000006ae8000000) (1024K)]
  0x000001befd24b1b0 WorkerThread "GC Thread#6"                     [id=24296, stack(0x0000006ae8000000,0x0000006ae8100000) (1024K)]
  0x000001befd7ef7d0 WorkerThread "GC Thread#7"                     [id=19996, stack(0x0000006ae7a00000,0x0000006ae7b00000) (1024K)]
  0x000001befdb12f40 WorkerThread "GC Thread#8"                     [id=4536, stack(0x0000006ae8500000,0x0000006ae8600000) (1024K)]
  0x000001befe0c9950 WorkerThread "GC Thread#9"                     [id=22052, stack(0x0000006ae8600000,0x0000006ae8700000) (1024K)]
Total: 12

Threads with active compile tasks:
Total: 0

VM state: not at safepoint (normal execution)

VM Mutex/Monitor currently owned by a thread:  ([mutex/lock_event])
[0x00007ffea527d4f0] Metaspace_lock - owner thread: 0x000001befd9f58a0

Heap address: 0x0000000080000000, size: 2048 MB, Compressed Oops mode: 32-bit

CDS archive(s) mapped at: [0x000001be8f000000-0x000001be8fba0000-0x000001be8fba0000), size 12189696, SharedBaseAddress: 0x000001be8f000000, ArchiveRelocationMode: 1.
Compressed class space mapped at: 0x000001be90000000-0x000001bed0000000, reserved size: 1073741824
Narrow klass base: 0x000001be8f000000, Narrow klass shift: 0, Narrow klass range: 0x100000000

GC Precious Log:
 CardTable entry size: 512
 CPUs: 12 total, 12 available
 Memory: 15693M
 Large Page Support: Disabled
 NUMA Support: Disabled
 Compressed Oops: Enabled (32-bit)
 Alignments: Space 512K, Generation 512K, Heap 2M
 Heap Min Capacity: 100M
 Heap Initial Capacity: 100M
 Heap Max Capacity: 2G
 Pre-touch: Disabled
 Parallel Workers: 10

Heap:
 PSYoungGen      total 28160K, used 5690K [0x00000000d5580000, 0x00000000d7800000, 0x0000000100000000)
  eden space 24064K, 23% used [0x00000000d5580000,0x00000000d5b0e988,0x00000000d6d00000)
  from space 4096K, 0% used [0x00000000d7400000,0x00000000d7400000,0x00000000d7800000)
  to   space 5120K, 0% used [0x00000000d6e00000,0x00000000d6e00000,0x00000000d7300000)
 ParOldGen       total 68608K, used 13558K [0x0000000080000000, 0x0000000084300000, 0x00000000d5580000)
  object space 68608K, 19% used [0x0000000080000000,0x0000000080d3dad8,0x0000000084300000)
 Metaspace       used 21980K, committed 22656K, reserved 1114112K
  class space    used 2216K, committed 2496K, reserved 1048576K

Card table byte_map: [0x000001bef2c40000,0x000001bef3050000] _byte_map_base: 0x000001bef2840000

Marking Bits: (ParMarkBitMap*) 0x00007ffea5284460
 Begin Bits: [0x000001bef6750000, 0x000001bef8750000)
 End Bits:   [0x000001bef8750000, 0x000001befa750000)

Polling page: 0x000001bef1080000

Metaspace:

Usage:
  Non-class:     19.30 MB used.
      Class:      2.16 MB used.
       Both:     21.47 MB used.

Virtual space:
  Non-class space:       64.00 MB reserved,      19.69 MB ( 31%) committed,  1 nodes.
      Class space:        1.00 GB reserved,       2.44 MB ( <1%) committed,  1 nodes.
             Both:        1.06 GB reserved,      22.12 MB (  2%) committed. 

Chunk freelists:
   Non-Class:  11.86 MB
       Class:  13.38 MB
        Both:  25.23 MB

MaxMetaspaceSize: unlimited
CompressedClassSpaceSize: 1.00 GB
Initial GC threshold: 21.00 MB
Current GC threshold: 35.00 MB
CDS: on
 - commit_granule_bytes: 65536.
 - commit_granule_words: 8192.
 - virtual_space_node_default_size: 8388608.
 - enlarge_chunks_in_place: 1.
 - use_allocation_guard: 0.


Internal statistics:

num_allocs_failed_limit: 3.
num_arena_births: 590.
num_arena_deaths: 14.
num_vsnodes_births: 2.
num_vsnodes_deaths: 0.
num_space_committed: 354.
num_space_uncommitted: 0.
num_chunks_returned_to_freelist: 17.
num_chunks_taken_from_freelist: 1447.
num_chunk_merges: 9.
num_chunk_splits: 932.
num_chunks_enlarged: 599.
num_inconsistent_stats: 0.

CodeHeap 'non-profiled nmethods': size=120000Kb used=1671Kb max_used=1671Kb free=118328Kb
 bounds [0x000001be87ad0000, 0x000001be87d40000, 0x000001be8f000000]
CodeHeap 'profiled nmethods': size=120000Kb used=7593Kb max_used=7593Kb free=112406Kb
 bounds [0x000001be80000000, 0x000001be80770000, 0x000001be87530000]
CodeHeap 'non-nmethods': size=5760Kb used=1278Kb max_used=1311Kb free=4481Kb
 bounds [0x000001be87530000, 0x000001be877a0000, 0x000001be87ad0000]
CodeCache: size=245760Kb, used=10542Kb, max_used=10575Kb, free=235215Kb
 total_blobs=4256, nmethods=3699, adapters=463, full_count=0
Compilation: enabled, stopped_count=0, restarted_count=0

Compilation events (20 events):
Event: 5.999 Thread 0x000001befcb7f140 nmethod 3695 0x000001be80761a10 code [0x000001be80761e00, 0x000001be807638d8]
Event: 5.999 Thread 0x000001befcb64660 nmethod 3680 0x000001be87c70290 code [0x000001be87c70460, 0x000001be87c70938]
Event: 5.999 Thread 0x000001befcb7f140 3694       3       java.lang.invoke.BootstrapMethodInvoker::isLambdaMetafactoryIndyBSM (13 bytes)
Event: 5.999 Thread 0x000001befcb64660 3686       4       org.lombokweb.asm.SymbolTable$Entry::<init> (18 bytes)
Event: 5.999 Thread 0x000001befcb7f140 nmethod 3694 0x000001be80764410 code [0x000001be807645a0, 0x000001be807646e8]
Event: 6.000 Thread 0x000001befcb7f140 3696       3       java.lang.invoke.InnerClassLambdaMetafactory::lambdaClassName (48 bytes)
Event: 6.000 Thread 0x000001befcb7f140 nmethod 3696 0x000001be80764790 code [0x000001be807649e0, 0x000001be807650b0]
Event: 6.000 Thread 0x000001befcb64660 nmethod 3686 0x000001be87c70d90 code [0x000001be87c70f20, 0x000001be87c70fe0]
Event: 6.000 Thread 0x000001befcb64660 3687       4       org.lombokweb.asm.SymbolTable::addConstantNameAndType (28 bytes)
Event: 6.003 Thread 0x000001befcb64660 nmethod 3687 0x000001be87c71090 code [0x000001be87c71260, 0x000001be87c71630]
Event: 6.014 Thread 0x000001befcb7f140 3697       3       org.lombokweb.asm.SymbolTable::addConstantIntegerOrFloat (21 bytes)
Event: 6.014 Thread 0x000001befcb7f140 nmethod 3697 0x000001be80765390 code [0x000001be80765560, 0x000001be807657c8]
Event: 6.014 Thread 0x000001befcb7f140 3698       3       org.lombokweb.asm.SymbolTable::addConstant (317 bytes)
Event: 6.015 Thread 0x000001befcb7f140 nmethod 3698 0x000001be80765910 code [0x000001be80765ec0, 0x000001be80769010]
Event: 6.015 Thread 0x000001befcb7f140 3699       1       lombok.patcher.scripts.AddFieldScript::access$0 (5 bytes)
Event: 6.015 Thread 0x000001befcb7f140 nmethod 3699 0x000001be87c71990 code [0x000001be87c71b20, 0x000001be87c71bd0]
Event: 6.015 Thread 0x000001befcb7f140 3700       3       org.lombokweb.asm.SymbolTable::addConstantInteger (7 bytes)
Event: 6.015 Thread 0x000001befcb7f140 nmethod 3700 0x000001be80769a90 code [0x000001be80769c40, 0x000001be80769d88]
Event: 6.019 Thread 0x000001befcb7f140 3701       3       java.util.ArrayDeque::circularClear (43 bytes)
Event: 6.019 Thread 0x000001befcb7f140 nmethod 3701 0x000001be80769e10 code [0x000001be80769fe0, 0x000001be8076a3e0]

GC Heap History (18 events):
Event: 0.878 GC heap before
{Heap before GC invocations=1 (full 0):
 PSYoungGen      total 29696K, used 25600K [0x00000000d5580000, 0x00000000d7680000, 0x0000000100000000)
  eden space 25600K, 100% used [0x00000000d5580000,0x00000000d6e80000,0x00000000d6e80000)
  from space 4096K, 0% used [0x00000000d7280000,0x00000000d7280000,0x00000000d7680000)
  to   space 4096K, 0% used [0x00000000d6e80000,0x00000000d6e80000,0x00000000d7280000)
 ParOldGen       total 68608K, used 0K [0x0000000080000000, 0x0000000084300000, 0x00000000d5580000)
  object space 68608K, 0% used [0x0000000080000000,0x0000000080000000,0x0000000084300000)
 Metaspace       used 4359K, committed 4608K, reserved 1114112K
  class space    used 474K, committed 576K, reserved 1048576K
}
Event: 0.886 GC heap after
{Heap after GC invocations=1 (full 0):
 PSYoungGen      total 29696K, used 3271K [0x00000000d5580000, 0x00000000d7680000, 0x0000000100000000)
  eden space 25600K, 0% used [0x00000000d5580000,0x00000000d5580000,0x00000000d6e80000)
  from space 4096K, 79% used [0x00000000d6e80000,0x00000000d71b1e98,0x00000000d7280000)
  to   space 4096K, 0% used [0x00000000d7280000,0x00000000d7280000,0x00000000d7680000)
 ParOldGen       total 68608K, used 16K [0x0000000080000000, 0x0000000084300000, 0x00000000d5580000)
  object space 68608K, 0% used [0x0000000080000000,0x0000000080004000,0x0000000084300000)
 Metaspace       used 4359K, committed 4608K, reserved 1114112K
  class space    used 474K, committed 576K, reserved 1048576K
}
Event: 1.833 GC heap before
{Heap before GC invocations=2 (full 0):
 PSYoungGen      total 29696K, used 28871K [0x00000000d5580000, 0x00000000d7680000, 0x0000000100000000)
  eden space 25600K, 100% used [0x00000000d5580000,0x00000000d6e80000,0x00000000d6e80000)
  from space 4096K, 79% used [0x00000000d6e80000,0x00000000d71b1e98,0x00000000d7280000)
  to   space 4096K, 0% used [0x00000000d7280000,0x00000000d7280000,0x00000000d7680000)
 ParOldGen       total 68608K, used 16K [0x0000000080000000, 0x0000000084300000, 0x00000000d5580000)
  object space 68608K, 0% used [0x0000000080000000,0x0000000080004000,0x0000000084300000)
 Metaspace       used 8015K, committed 8256K, reserved 1114112K
  class space    used 834K, committed 960K, reserved 1048576K
}
Event: 1.839 GC heap after
{Heap after GC invocations=2 (full 0):
 PSYoungGen      total 29696K, used 4086K [0x00000000d5580000, 0x00000000d7680000, 0x0000000100000000)
  eden space 25600K, 0% used [0x00000000d5580000,0x00000000d5580000,0x00000000d6e80000)
  from space 4096K, 99% used [0x00000000d7280000,0x00000000d767d810,0x00000000d7680000)
  to   space 4096K, 0% used [0x00000000d6e80000,0x00000000d6e80000,0x00000000d7280000)
 ParOldGen       total 68608K, used 1944K [0x0000000080000000, 0x0000000084300000, 0x00000000d5580000)
  object space 68608K, 2% used [0x0000000080000000,0x00000000801e6320,0x0000000084300000)
 Metaspace       used 8015K, committed 8256K, reserved 1114112K
  class space    used 834K, committed 960K, reserved 1048576K
}
Event: 2.420 GC heap before
{Heap before GC invocations=3 (full 0):
 PSYoungGen      total 29696K, used 29669K [0x00000000d5580000, 0x00000000d7680000, 0x0000000100000000)
  eden space 25600K, 99% used [0x00000000d5580000,0x00000000d6e7bdd8,0x00000000d6e80000)
  from space 4096K, 99% used [0x00000000d7280000,0x00000000d767d810,0x00000000d7680000)
  to   space 4096K, 0% used [0x00000000d6e80000,0x00000000d6e80000,0x00000000d7280000)
 ParOldGen       total 68608K, used 1944K [0x0000000080000000, 0x0000000084300000, 0x00000000d5580000)
  object space 68608K, 2% used [0x0000000080000000,0x00000000801e6320,0x0000000084300000)
 Metaspace       used 9469K, committed 9856K, reserved 1114112K
  class space    used 1010K, committed 1152K, reserved 1048576K
}
Event: 2.427 GC heap after
{Heap after GC invocations=3 (full 0):
 PSYoungGen      total 29696K, used 4069K [0x00000000d5580000, 0x00000000d7680000, 0x0000000100000000)
  eden space 25600K, 0% used [0x00000000d5580000,0x00000000d5580000,0x00000000d6e80000)
  from space 4096K, 99% used [0x00000000d6e80000,0x00000000d72795a8,0x00000000d7280000)
  to   space 4096K, 0% used [0x00000000d7280000,0x00000000d7280000,0x00000000d7680000)
 ParOldGen       total 68608K, used 5066K [0x0000000080000000, 0x0000000084300000, 0x00000000d5580000)
  object space 68608K, 7% used [0x0000000080000000,0x00000000804f28f0,0x0000000084300000)
 Metaspace       used 9469K, committed 9856K, reserved 1114112K
  class space    used 1010K, committed 1152K, reserved 1048576K
}
Event: 4.770 GC heap before
{Heap before GC invocations=4 (full 0):
 PSYoungGen      total 29696K, used 29669K [0x00000000d5580000, 0x00000000d7680000, 0x0000000100000000)
  eden space 25600K, 100% used [0x00000000d5580000,0x00000000d6e80000,0x00000000d6e80000)
  from space 4096K, 99% used [0x00000000d6e80000,0x00000000d72795a8,0x00000000d7280000)
  to   space 4096K, 0% used [0x00000000d7280000,0x00000000d7280000,0x00000000d7680000)
 ParOldGen       total 68608K, used 5066K [0x0000000080000000, 0x0000000084300000, 0x00000000d5580000)
  object space 68608K, 7% used [0x0000000080000000,0x00000000804f28f0,0x0000000084300000)
 Metaspace       used 11733K, committed 12096K, reserved 1114112K
  class space    used 1248K, committed 1408K, reserved 1048576K
}
Event: 4.775 GC heap after
{Heap after GC invocations=4 (full 0):
 PSYoungGen      total 29696K, used 4065K [0x00000000d5580000, 0x00000000d7680000, 0x0000000100000000)
  eden space 25600K, 0% used [0x00000000d5580000,0x00000000d5580000,0x00000000d6e80000)
  from space 4096K, 99% used [0x00000000d7280000,0x00000000d76784d0,0x00000000d7680000)
  to   space 4096K, 0% used [0x00000000d6e80000,0x00000000d6e80000,0x00000000d7280000)
 ParOldGen       total 68608K, used 6669K [0x0000000080000000, 0x0000000084300000, 0x00000000d5580000)
  object space 68608K, 9% used [0x0000000080000000,0x00000000806836d0,0x0000000084300000)
 Metaspace       used 11733K, committed 12096K, reserved 1114112K
  class space    used 1248K, committed 1408K, reserved 1048576K
}
Event: 5.174 GC heap before
{Heap before GC invocations=5 (full 0):
 PSYoungGen      total 29696K, used 29665K [0x00000000d5580000, 0x00000000d7680000, 0x0000000100000000)
  eden space 25600K, 100% used [0x00000000d5580000,0x00000000d6e80000,0x00000000d6e80000)
  from space 4096K, 99% used [0x00000000d7280000,0x00000000d76784d0,0x00000000d7680000)
  to   space 4096K, 0% used [0x00000000d6e80000,0x00000000d6e80000,0x00000000d7280000)
 ParOldGen       total 68608K, used 6669K [0x0000000080000000, 0x0000000084300000, 0x00000000d5580000)
  object space 68608K, 9% used [0x0000000080000000,0x00000000806836d0,0x0000000084300000)
 Metaspace       used 15669K, committed 16320K, reserved 1114112K
  class space    used 1640K, committed 1920K, reserved 1048576K
}
Event: 5.177 GC heap after
{Heap after GC invocations=5 (full 0):
 PSYoungGen      total 29184K, used 4095K [0x00000000d5580000, 0x00000000d7a00000, 0x0000000100000000)
  eden space 25088K, 0% used [0x00000000d5580000,0x00000000d5580000,0x00000000d6e00000)
  from space 4096K, 99% used [0x00000000d6e80000,0x00000000d727ff38,0x00000000d7280000)
  to   space 6144K, 0% used [0x00000000d7400000,0x00000000d7400000,0x00000000d7a00000)
 ParOldGen       total 68608K, used 8119K [0x0000000080000000, 0x0000000084300000, 0x00000000d5580000)
  object space 68608K, 11% used [0x0000000080000000,0x00000000807edd80,0x0000000084300000)
 Metaspace       used 15669K, committed 16320K, reserved 1114112K
  class space    used 1640K, committed 1920K, reserved 1048576K
}
Event: 5.574 GC heap before
{Heap before GC invocations=6 (full 0):
 PSYoungGen      total 29184K, used 29183K [0x00000000d5580000, 0x00000000d7a00000, 0x0000000100000000)
  eden space 25088K, 100% used [0x00000000d5580000,0x00000000d6e00000,0x00000000d6e00000)
  from space 4096K, 99% used [0x00000000d6e80000,0x00000000d727ff38,0x00000000d7280000)
  to   space 6144K, 0% used [0x00000000d7400000,0x00000000d7400000,0x00000000d7a00000)
 ParOldGen       total 68608K, used 8119K [0x0000000080000000, 0x0000000084300000, 0x00000000d5580000)
  object space 68608K, 11% used [0x0000000080000000,0x00000000807edd80,0x0000000084300000)
 Metaspace       used 17945K, committed 18752K, reserved 1114112K
  class space    used 1890K, committed 2240K, reserved 1048576K
}
Event: 5.578 GC heap after
{Heap after GC invocations=6 (full 0):
 PSYoungGen      total 29184K, used 4318K [0x00000000d5580000, 0x00000000d7880000, 0x0000000100000000)
  eden space 24576K, 0% used [0x00000000d5580000,0x00000000d5580000,0x00000000d6d80000)
  from space 4608K, 93% used [0x00000000d7400000,0x00000000d7837bc8,0x00000000d7880000)
  to   space 5120K, 0% used [0x00000000d6e80000,0x00000000d6e80000,0x00000000d7380000)
 ParOldGen       total 68608K, used 8127K [0x0000000080000000, 0x0000000084300000, 0x00000000d5580000)
  object space 68608K, 11% used [0x0000000080000000,0x00000000807efd80,0x0000000084300000)
 Metaspace       used 17945K, committed 18752K, reserved 1114112K
  class space    used 1890K, committed 2240K, reserved 1048576K
}
Event: 5.935 GC heap before
{Heap before GC invocations=7 (full 0):
 PSYoungGen      total 29184K, used 28894K [0x00000000d5580000, 0x00000000d7880000, 0x0000000100000000)
  eden space 24576K, 100% used [0x00000000d5580000,0x00000000d6d80000,0x00000000d6d80000)
  from space 4608K, 93% used [0x00000000d7400000,0x00000000d7837bc8,0x00000000d7880000)
  to   space 5120K, 0% used [0x00000000d6e80000,0x00000000d6e80000,0x00000000d7380000)
 ParOldGen       total 68608K, used 8127K [0x0000000080000000, 0x0000000084300000, 0x00000000d5580000)
  object space 68608K, 11% used [0x0000000080000000,0x00000000807efd80,0x0000000084300000)
 Metaspace       used 20634K, committed 21440K, reserved 1114112K
  class space    used 2155K, committed 2496K, reserved 1048576K
}
Event: 5.940 GC heap after
{Heap after GC invocations=7 (full 0):
 PSYoungGen      total 29696K, used 5101K [0x00000000d5580000, 0x00000000d7880000, 0x0000000100000000)
  eden space 24576K, 0% used [0x00000000d5580000,0x00000000d5580000,0x00000000d6d80000)
  from space 5120K, 99% used [0x00000000d6e80000,0x00000000d737b5e0,0x00000000d7380000)
  to   space 4608K, 0% used [0x00000000d7400000,0x00000000d7400000,0x00000000d7880000)
 ParOldGen       total 68608K, used 10178K [0x0000000080000000, 0x0000000084300000, 0x00000000d5580000)
  object space 68608K, 14% used [0x0000000080000000,0x00000000809f0bc0,0x0000000084300000)
 Metaspace       used 20634K, committed 21440K, reserved 1114112K
  class space    used 2155K, committed 2496K, reserved 1048576K
}
Event: 5.961 GC heap before
{Heap before GC invocations=8 (full 0):
 PSYoungGen      total 29696K, used 11246K [0x00000000d5580000, 0x00000000d7880000, 0x0000000100000000)
  eden space 24576K, 25% used [0x00000000d5580000,0x00000000d5b80498,0x00000000d6d80000)
  from space 5120K, 99% used [0x00000000d6e80000,0x00000000d737b5e0,0x00000000d7380000)
  to   space 4608K, 0% used [0x00000000d7400000,0x00000000d7400000,0x00000000d7880000)
 ParOldGen       total 68608K, used 10178K [0x0000000080000000, 0x0000000084300000, 0x00000000d5580000)
  object space 68608K, 14% used [0x0000000080000000,0x00000000809f0bc0,0x0000000084300000)
 Metaspace       used 20757K, committed 21504K, reserved 1114112K
  class space    used 2157K, committed 2496K, reserved 1048576K
}
Event: 5.963 GC heap after
{Heap after GC invocations=8 (full 0):
 PSYoungGen      total 28160K, used 3852K [0x00000000d5580000, 0x00000000d7800000, 0x0000000100000000)
  eden space 24064K, 0% used [0x00000000d5580000,0x00000000d5580000,0x00000000d6d00000)
  from space 4096K, 94% used [0x00000000d7400000,0x00000000d77c30e8,0x00000000d7800000)
  to   space 5120K, 0% used [0x00000000d6e00000,0x00000000d6e00000,0x00000000d7300000)
 ParOldGen       total 68608K, used 10857K [0x0000000080000000, 0x0000000084300000, 0x00000000d5580000)
  object space 68608K, 15% used [0x0000000080000000,0x0000000080a9a6e8,0x0000000084300000)
 Metaspace       used 20757K, committed 21504K, reserved 1114112K
  class space    used 2157K, committed 2496K, reserved 1048576K
}
Event: 5.963 GC heap before
{Heap before GC invocations=9 (full 1):
 PSYoungGen      total 28160K, used 3852K [0x00000000d5580000, 0x00000000d7800000, 0x0000000100000000)
  eden space 24064K, 0% used [0x00000000d5580000,0x00000000d5580000,0x00000000d6d00000)
  from space 4096K, 94% used [0x00000000d7400000,0x00000000d77c30e8,0x00000000d7800000)
  to   space 5120K, 0% used [0x00000000d6e00000,0x00000000d6e00000,0x00000000d7300000)
 ParOldGen       total 68608K, used 10857K [0x0000000080000000, 0x0000000084300000, 0x00000000d5580000)
  object space 68608K, 15% used [0x0000000080000000,0x0000000080a9a6e8,0x0000000084300000)
 Metaspace       used 20757K, committed 21504K, reserved 1114112K
  class space    used 2157K, committed 2496K, reserved 1048576K
}
Event: 5.990 GC heap after
{Heap after GC invocations=9 (full 1):
 PSYoungGen      total 28160K, used 0K [0x00000000d5580000, 0x00000000d7800000, 0x0000000100000000)
  eden space 24064K, 0% used [0x00000000d5580000,0x00000000d5580000,0x00000000d6d00000)
  from space 4096K, 0% used [0x00000000d7400000,0x00000000d7400000,0x00000000d7800000)
  to   space 5120K, 0% used [0x00000000d6e00000,0x00000000d6e00000,0x00000000d7300000)
 ParOldGen       total 68608K, used 13558K [0x0000000080000000, 0x0000000084300000, 0x00000000d5580000)
  object space 68608K, 19% used [0x0000000080000000,0x0000000080d3dad8,0x0000000084300000)
 Metaspace       used 20744K, committed 21504K, reserved 1114112K
  class space    used 2153K, committed 2496K, reserved 1048576K
}

Dll operation events (9 events):
Event: 0.011 Loaded shared library c:\Users\saika\.antigravity-ide\extensions\redhat.java-1.55.0-win32-x64\jre\21.0.11-win32-x86_64\bin\java.dll
Event: 0.083 Loaded shared library c:\Users\saika\.antigravity-ide\extensions\redhat.java-1.55.0-win32-x64\jre\21.0.11-win32-x86_64\bin\zip.dll
Event: 0.108 Loaded shared library C:\Users\saika\.antigravity-ide\extensions\redhat.java-1.55.0-win32-x64\jre\21.0.11-win32-x86_64\bin\instrument.dll
Event: 0.114 Loaded shared library C:\Users\saika\.antigravity-ide\extensions\redhat.java-1.55.0-win32-x64\jre\21.0.11-win32-x86_64\bin\net.dll
Event: 0.117 Loaded shared library C:\Users\saika\.antigravity-ide\extensions\redhat.java-1.55.0-win32-x64\jre\21.0.11-win32-x86_64\bin\nio.dll
Event: 0.121 Loaded shared library C:\Users\saika\.antigravity-ide\extensions\redhat.java-1.55.0-win32-x64\jre\21.0.11-win32-x86_64\bin\zip.dll
Event: 0.144 Loaded shared library C:\Users\saika\.antigravity-ide\extensions\redhat.java-1.55.0-win32-x64\jre\21.0.11-win32-x86_64\bin\jimage.dll
Event: 0.235 Loaded shared library c:\Users\saika\.antigravity-ide\extensions\redhat.java-1.55.0-win32-x64\jre\21.0.11-win32-x86_64\bin\verify.dll
Event: 1.855 Loaded shared library C:\Users\saika\AppData\Roaming\Antigravity IDE\User\globalStorage\redhat.java\1.55.0\config_win\org.eclipse.equinox.launcher\org.eclipse.equinox.launcher.win32.win32.x86_64_1.3.100.v20260613-0559\eclipse_11924.dll

Deoptimization events (20 events):
Event: 5.640 Thread 0x000001befd9f58a0 Uncommon trap: trap_request=0xffffff45 fr.pc=0x000001be87b24264 relative=0x0000000000000404
Event: 5.640 Thread 0x000001befd9f58a0 Uncommon trap: reason=unstable_if action=reinterpret pc=0x000001be87b24264 method=java.lang.AbstractStringBuilder.isLatin1()Z @ 10 c2
Event: 5.640 Thread 0x000001befd9f58a0 DEOPT PACKING pc=0x000001be87b24264 sp=0x0000006ae84f2f30
Event: 5.640 Thread 0x000001befd9f58a0 DEOPT UNPACKING pc=0x000001be87583aa2 sp=0x0000006ae84f2ec0 mode 2
Event: 5.640 Thread 0x000001befd9f58a0 Uncommon trap: trap_request=0xffffff45 fr.pc=0x000001be87b10d8c relative=0x000000000000006c
Event: 5.640 Thread 0x000001befd9f58a0 Uncommon trap: reason=unstable_if action=reinterpret pc=0x000001be87b10d8c method=java.lang.AbstractStringBuilder.isLatin1()Z @ 10 c2
Event: 5.640 Thread 0x000001befd9f58a0 DEOPT PACKING pc=0x000001be87b10d8c sp=0x0000006ae84f2f30
Event: 5.640 Thread 0x000001befd9f58a0 DEOPT UNPACKING pc=0x000001be87583aa2 sp=0x0000006ae84f2ec0 mode 2
Event: 5.641 Thread 0x000001befd9f58a0 Uncommon trap: trap_request=0xffffff45 fr.pc=0x000001be87c0d468 relative=0x0000000000000048
Event: 5.641 Thread 0x000001befd9f58a0 Uncommon trap: reason=unstable_if action=reinterpret pc=0x000001be87c0d468 method=java.lang.StringLatin1.canEncode(C)Z @ 4 c2
Event: 5.641 Thread 0x000001befd9f58a0 DEOPT PACKING pc=0x000001be87c0d468 sp=0x0000006ae84f2ec0
Event: 5.641 Thread 0x000001befd9f58a0 DEOPT UNPACKING pc=0x000001be87583aa2 sp=0x0000006ae84f2e48 mode 2
Event: 5.840 Thread 0x000001befd9f58a0 Uncommon trap: trap_request=0xffffff45 fr.pc=0x000001be87c5e88c relative=0x000000000000006c
Event: 5.840 Thread 0x000001befd9f58a0 Uncommon trap: reason=unstable_if action=reinterpret pc=0x000001be87c5e88c method=java.lang.invoke.LambdaForm$BasicType.basicType(C)Ljava/lang/invoke/LambdaForm$BasicType; @ 1 c2
Event: 5.840 Thread 0x000001befd9f58a0 DEOPT PACKING pc=0x000001be87c5e88c sp=0x0000006ae84f8290
Event: 5.840 Thread 0x000001befd9f58a0 DEOPT UNPACKING pc=0x000001be87583aa2 sp=0x0000006ae84f8228 mode 2
Event: 5.840 Thread 0x000001befd9f58a0 Uncommon trap: trap_request=0xffffff45 fr.pc=0x000001be87c1e0c0 relative=0x0000000000000b00
Event: 5.840 Thread 0x000001befd9f58a0 Uncommon trap: reason=unstable_if action=reinterpret pc=0x000001be87c1e0c0 method=jdk.internal.org.objectweb.asm.Frame.execute(IILjdk/internal/org/objectweb/asm/Symbol;Ljdk/internal/org/objectweb/asm/SymbolTable;)V @ 1 c2
Event: 5.840 Thread 0x000001befd9f58a0 DEOPT PACKING pc=0x000001be87c1e0c0 sp=0x0000006ae84f8000
Event: 5.840 Thread 0x000001befd9f58a0 DEOPT UNPACKING pc=0x000001be87583aa2 sp=0x0000006ae84f7f88 mode 2

Classes loaded (20 events):
Event: 5.850 Loading class java/util/zip/GZIPInputStream
Event: 5.851 Loading class java/util/zip/GZIPInputStream done
Event: 5.870 Loading class java/io/StringReader
Event: 5.870 Loading class java/io/StringReader done
Event: 5.877 Loading class java/net/SocketTimeoutException
Event: 5.877 Loading class java/io/InterruptedIOException
Event: 5.877 Loading class java/io/InterruptedIOException done
Event: 5.877 Loading class java/net/SocketTimeoutException done
Event: 5.877 Loading class java/net/SocketException
Event: 5.877 Loading class java/net/SocketException done
Event: 5.877 Loading class java/net/UnknownHostException
Event: 5.877 Loading class java/net/UnknownHostException done
Event: 5.877 Loading class java/net/ProtocolException
Event: 5.877 Loading class java/net/ProtocolException done
Event: 5.893 Loading class java/lang/ThreadLocal$SuppliedThreadLocal
Event: 5.893 Loading class java/lang/ThreadLocal$SuppliedThreadLocal done
Event: 5.901 Loading class java/io/FileWriter
Event: 5.901 Loading class java/io/FileWriter done
Event: 5.902 Loading class java/lang/NegativeArraySizeException
Event: 5.902 Loading class java/lang/NegativeArraySizeException done

Classes unloaded (7 events):
Event: 5.967 Thread 0x000001bef335eb10 Unloading class 0x000001be901ab400 'java/lang/invoke/LambdaForm$MH+0x000001be901ab400'
Event: 5.967 Thread 0x000001bef335eb10 Unloading class 0x000001be901ab000 'java/lang/invoke/LambdaForm$MH+0x000001be901ab000'
Event: 5.967 Thread 0x000001bef335eb10 Unloading class 0x000001be901aac00 'java/lang/invoke/LambdaForm$MH+0x000001be901aac00'
Event: 5.967 Thread 0x000001bef335eb10 Unloading class 0x000001be901aa800 'java/lang/invoke/LambdaForm$MH+0x000001be901aa800'
Event: 5.967 Thread 0x000001bef335eb10 Unloading class 0x000001be901aa400 'java/lang/invoke/LambdaForm$BMH+0x000001be901aa400'
Event: 5.967 Thread 0x000001bef335eb10 Unloading class 0x000001be901aa000 'java/lang/invoke/LambdaForm$DMH+0x000001be901aa000'
Event: 5.967 Thread 0x000001bef335eb10 Unloading class 0x000001be901a8c00 'java/lang/invoke/LambdaForm$DMH+0x000001be901a8c00'

Classes redefined (0 events):
No events

Internal exceptions (20 events):
Event: 5.169 Thread 0x000001befd9f58a0 Exception <a 'java/lang/NoSuchMethodError'{0x00000000d6e45278}: 'java.lang.Object java.lang.invoke.DirectMethodHandle$Holder.invokeSpecial(java.lang.Object, java.lang.Object, java.lang.Object, long, java.lang.Object)'> (0x00000000d6e45278) 
thrown [s\src\hotspot\share\interpreter\linkResolver.cpp, line 773]
Event: 5.170 Thread 0x000001befd9f58a0 Exception <a 'java/lang/NoSuchMethodError'{0x00000000d6e4cac0}: 'java.lang.Object java.lang.invoke.DirectMethodHandle$Holder.newInvokeSpecial(java.lang.Object, java.lang.Object, java.lang.Object, long)'> (0x00000000d6e4cac0) 
thrown [s\src\hotspot\share\interpreter\linkResolver.cpp, line 773]
Event: 5.171 Thread 0x000001befd9f58a0 Exception <a 'java/lang/NoSuchMethodError'{0x00000000d6e50db0}: 'java.lang.Object java.lang.invoke.DirectMethodHandle$Holder.invokeSpecial(java.lang.Object, java.lang.Object, java.lang.Object, java.lang.Object, long)'> (0x00000000d6e50db0) 
thrown [s\src\hotspot\share\interpreter\linkResolver.cpp, line 773]
Event: 5.171 Thread 0x000001befd9f58a0 Exception <a 'java/lang/NoSuchMethodError'{0x00000000d6e549d0}: 'java.lang.Object java.lang.invoke.Invokers$Holder.linkToTargetMethod(java.lang.Object, java.lang.Object, long, java.lang.Object)'> (0x00000000d6e549d0) 
thrown [s\src\hotspot\share\interpreter\linkResolver.cpp, line 773]
Event: 5.182 Thread 0x000001befd9f58a0 Exception <a 'java/lang/NoSuchMethodError'{0x00000000d55ba820}: 'int java.lang.invoke.DirectMethodHandle$Holder.invokeStaticInit(java.lang.Object, java.lang.Object, java.lang.Object)'> (0x00000000d55ba820) 
thrown [s\src\hotspot\share\interpreter\linkResolver.cpp, line 773]
Event: 5.192 Thread 0x000001befd9f58a0 Exception <a 'java/lang/IncompatibleClassChangeError'{0x00000000d5699f70}: Found class java.lang.Object, but interface was expected> (0x00000000d5699f70) 
thrown [s\src\hotspot\share\interpreter\linkResolver.cpp, line 840]
Event: 5.192 Thread 0x000001befd9f58a0 Exception <a 'java/lang/NoSuchMethodError'{0x00000000d569da08}: 'java.lang.Object java.lang.invoke.DirectMethodHandle$Holder.invokeSpecial(java.lang.Object, java.lang.Object, java.lang.Object, int, java.lang.Object, java.lang.Object)'> (0x00000000d569da08) 
thrown [s\src\hotspot\share\interpreter\linkResolver.cpp, line 773]
Event: 5.193 Thread 0x000001befd9f58a0 Exception <a 'java/lang/NoSuchMethodError'{0x00000000d56a5420}: 'java.lang.Object java.lang.invoke.DirectMethodHandle$Holder.newInvokeSpecial(java.lang.Object, java.lang.Object, java.lang.Object, int, java.lang.Object)'> (0x00000000d56a5420) 
thrown [s\src\hotspot\share\interpreter\linkResolver.cpp, line 773]
Event: 5.193 Thread 0x000001befd9f58a0 Exception <a 'java/lang/NoSuchMethodError'{0x00000000d56a93a0}: 'java.lang.Object java.lang.invoke.DirectMethodHandle$Holder.invokeSpecial(java.lang.Object, java.lang.Object, java.lang.Object, java.lang.Object, int, java.lang.Object)'> (0x00000000d56a93a0) 
thrown [s\src\hotspot\share\interpreter\linkResolver.cpp, line 773]
Event: 5.193 Thread 0x000001befd9f58a0 Exception <a 'java/lang/NoSuchMethodError'{0x00000000d56acee0}: 'java.lang.Object java.lang.invoke.Invokers$Holder.linkToTargetMethod(java.lang.Object, java.lang.Object, int, java.lang.Object, java.lang.Object)'> (0x00000000d56acee0) 
thrown [s\src\hotspot\share\interpreter\linkResolver.cpp, line 773]
Event: 5.194 Thread 0x000001befde0ce40 Exception <a 'java/lang/NoSuchMethodError'{0x00000000d55e6cd0}: 'java.lang.Object java.lang.invoke.DirectMethodHandle$Holder.invokeSpecial(java.lang.Object, java.lang.Object, int, java.lang.Object, java.lang.Object)'> (0x00000000d55e6cd0) 
thrown [s\src\hotspot\share\interpreter\linkResolver.cpp, line 773]
Event: 5.206 Thread 0x000001befd9f58a0 Exception <a 'java/lang/NoSuchMethodError'{0x00000000d5828518}: 'void java.lang.invoke.DirectMethodHandle$Holder.invokeSpecial(java.lang.Object, java.lang.Object, java.lang.Object, java.lang.Object, java.lang.Object)'> (0x00000000d5828518) 
thrown [s\src\hotspot\share\interpreter\linkResolver.cpp, line 773]
Event: 5.323 Thread 0x000001befd9f58a0 Exception <a 'java/lang/NoSuchMethodError'{0x00000000d5fda618}: 'java.lang.Object java.lang.invoke.DirectMethodHandle$Holder.invokeInterface(java.lang.Object, java.lang.Object, java.lang.Object)'> (0x00000000d5fda618) 
thrown [s\src\hotspot\share\interpreter\linkResolver.cpp, line 773]
Event: 5.416 Thread 0x000001befd9f58a0 Exception <a 'java/lang/NoSuchMethodError'{0x00000000d64e9e28}: 'java.lang.Object java.lang.invoke.Invokers$Holder.linkToTargetMethod(java.lang.Object, long, java.lang.Object, java.lang.Object)'> (0x00000000d64e9e28) 
thrown [s\src\hotspot\share\interpreter\linkResolver.cpp, line 773]
Event: 5.548 Thread 0x000001befd9f58a0 Exception <a 'java/io/FileNotFoundException'{0x00000000d6ca0a08}> (0x00000000d6ca0a08) 
thrown [s\src\hotspot\share\prims\jni.cpp, line 520]
Event: 5.549 Thread 0x000001befd9f58a0 Exception <a 'java/lang/NoSuchMethodError'{0x00000000d6ca92f0}: 'java.lang.Object java.lang.invoke.DirectMethodHandle$Holder.newInvokeSpecial(java.lang.Object, int, java.lang.Object, java.lang.Object)'> (0x00000000d6ca92f0) 
thrown [s\src\hotspot\share\interpreter\linkResolver.cpp, line 773]
Event: 5.725 Thread 0x000001befd9f58a0 Exception <a 'java/lang/NoSuchMethodError'{0x00000000d5ca31f8}: 'void java.lang.invoke.DirectMethodHandle$Holder.invokeSpecial(java.lang.Object, java.lang.Object, java.lang.Object, int)'> (0x00000000d5ca31f8) 
thrown [s\src\hotspot\share\interpreter\linkResolver.cpp, line 773]
Event: 5.751 Thread 0x000001befd9f58a0 Exception <a 'java/lang/NoSuchMethodError'{0x00000000d5d09300}: 'long java.lang.invoke.Invokers$Holder.invokeExact_MT(java.lang.Object, java.lang.Object)'> (0x00000000d5d09300) 
thrown [s\src\hotspot\share\interpreter\linkResolver.cpp, line 773]
Event: 5.840 Thread 0x000001befd9f58a0 Exception <a 'java/lang/NoSuchMethodError'{0x00000000d62d0e78}: 'double java.lang.invoke.DirectMethodHandle$Holder.invokeStatic(java.lang.Object, java.lang.Object)'> (0x00000000d62d0e78) 
thrown [s\src\hotspot\share\interpreter\linkResolver.cpp, line 773]
Event: 5.840 Thread 0x000001befd9f58a0 Exception <a 'java/lang/NoSuchMethodError'{0x00000000d62d4508}: 'double java.lang.invoke.DirectMethodHandle$Holder.invokeStaticInit(java.lang.Object, java.lang.Object)'> (0x00000000d62d4508) 
thrown [s\src\hotspot\share\interpreter\linkResolver.cpp, line 773]

ZGC Phase Switch (0 events):
No events

VM Operations (20 events):
Event: 4.770 Executing safepoint VM operation: ParallelGCFailedAllocation (Allocation Failure)
Event: 4.775 Executing safepoint VM operation: ParallelGCFailedAllocation (Allocation Failure) done
Event: 5.129 Executing non-safepoint VM operation: HandshakeAllThreads (Deoptimize)
Event: 5.129 Executing non-safepoint VM operation: HandshakeAllThreads (Deoptimize) done
Event: 5.174 Executing safepoint VM operation: ParallelGCFailedAllocation (Allocation Failure)
Event: 5.178 Executing safepoint VM operation: ParallelGCFailedAllocation (Allocation Failure) done
Event: 5.249 Executing non-safepoint VM operation: HandshakeAllThreads (Deoptimize)
Event: 5.249 Executing non-safepoint VM operation: HandshakeAllThreads (Deoptimize) done
Event: 5.283 Executing non-safepoint VM operation: HandshakeAllThreads (Deoptimize)
Event: 5.283 Executing non-safepoint VM operation: HandshakeAllThreads (Deoptimize) done
Event: 5.288 Executing non-safepoint VM operation: HandshakeAllThreads (Deoptimize)
Event: 5.288 Executing non-safepoint VM operation: HandshakeAllThreads (Deoptimize) done
Event: 5.423 Executing safepoint VM operation: ICBufferFull
Event: 5.423 Executing safepoint VM operation: ICBufferFull done
Event: 5.574 Executing safepoint VM operation: ParallelGCFailedAllocation (Allocation Failure)
Event: 5.578 Executing safepoint VM operation: ParallelGCFailedAllocation (Allocation Failure) done
Event: 5.934 Executing safepoint VM operation: ParallelGCFailedAllocation (Allocation Failure)
Event: 5.940 Executing safepoint VM operation: ParallelGCFailedAllocation (Allocation Failure) done
Event: 5.961 Executing safepoint VM operation: CollectForMetadataAllocation (Metadata GC Threshold)
Event: 5.990 Executing safepoint VM operation: CollectForMetadataAllocation (Metadata GC Threshold) done

Memory protections (0 events):
No events

Nmethod flushes (0 events):
No events

Events (20 events):
Event: 0.358 Thread 0x000001bef0dd7360 Thread added: 0x000001befce917a0
Event: 0.461 Thread 0x000001befcb64660 Thread added: 0x000001befd05c1f0
Event: 1.067 Thread 0x000001befd05c1f0 Thread exited: 0x000001befd05c1f0
Event: 1.071 Thread 0x000001befce86c20 Thread exited: 0x000001befce86c20
Event: 1.089 Thread 0x000001befcb7f140 Thread added: 0x000001befcea2b60
Event: 1.152 Thread 0x000001befcb7f140 Thread added: 0x000001befceea330
Event: 1.438 Thread 0x000001bef0dd7360 Thread added: 0x000001befd822ad0
Event: 1.805 Thread 0x000001befceea330 Thread exited: 0x000001befceea330
Event: 1.845 Thread 0x000001bef0dd7360 Thread added: 0x000001befd9de980
Event: 1.908 Thread 0x000001befd9de980 Thread added: 0x000001befd9f5230
Event: 1.912 Thread 0x000001bef0dd7360 Thread added: 0x000001befd9f58a0
Event: 2.502 Thread 0x000001befd9f58a0 Thread added: 0x000001befdc9cde0
Event: 2.944 Thread 0x000001befcea2b60 Thread exited: 0x000001befcea2b60
Event: 4.621 Thread 0x000001befd9f58a0 Thread added: 0x000001befe107d90
Event: 4.813 Thread 0x000001befcb7f140 Thread added: 0x000001befdf1bc90
Event: 5.005 Thread 0x000001befd9f58a0 Thread added: 0x000001befde84df0
Event: 5.174 Thread 0x000001befd9f58a0 Thread added: 0x000001befde0ce40
Event: 5.194 Thread 0x000001befd9f58a0 Thread added: 0x000001befde0e880
Event: 5.195 Thread 0x000001befde0ce40 Thread added: 0x000001befde0ef10
Event: 5.767 Thread 0x000001befdf1bc90 Thread exited: 0x000001befdf1bc90


Dynamic libraries:
0x00007ff7ad940000 - 0x00007ff7ad94e000 	c:\Users\saika\.antigravity-ide\extensions\redhat.java-1.55.0-win32-x64\jre\21.0.11-win32-x86_64\bin\java.exe
0x00007fff70e80000 - 0x00007fff710e7000 	C:\WINDOWS\SYSTEM32\ntdll.dll
0x00007fff704f0000 - 0x00007fff705ba000 	C:\WINDOWS\System32\KERNEL32.DLL
0x00007fff6e220000 - 0x00007fff6e622000 	C:\WINDOWS\System32\KERNELBASE.dll
0x00007fff6e0c0000 - 0x00007fff6e20c000 	C:\WINDOWS\System32\ucrtbase.dll
0x00007fff64af0000 - 0x00007fff64b08000 	c:\Users\saika\.antigravity-ide\extensions\redhat.java-1.55.0-win32-x64\jre\21.0.11-win32-x86_64\bin\jli.dll
0x00007fff6ebb0000 - 0x00007fff6ed7f000 	C:\WINDOWS\System32\USER32.dll
0x00007fff6e090000 - 0x00007fff6e0b7000 	C:\WINDOWS\System32\win32u.dll
0x00007fff53cc0000 - 0x00007fff53f50000 	C:\WINDOWS\WinSxS\amd64_microsoft.windows.common-controls_6595b64144ccf1df_6.0.26100.9278_none_3e0d1ba8e3303201\COMCTL32.dll
0x00007fff708b0000 - 0x00007fff708db000 	C:\WINDOWS\System32\GDI32.dll
0x00007fff70440000 - 0x00007fff704e9000 	C:\WINDOWS\System32\msvcrt.dll
0x00007fff6e930000 - 0x00007fff6ea59000 	C:\WINDOWS\System32\gdi32full.dll
0x00007fff6e630000 - 0x00007fff6e6d3000 	C:\WINDOWS\System32\msvcp_win.dll
0x00007fff64b90000 - 0x00007fff64bae000 	c:\Users\saika\.antigravity-ide\extensions\redhat.java-1.55.0-win32-x64\jre\21.0.11-win32-x86_64\bin\VCRUNTIME140.dll
0x00007fff709b0000 - 0x00007fff709e1000 	C:\WINDOWS\System32\IMM32.DLL
0x00007fff64c40000 - 0x00007fff64c4c000 	c:\Users\saika\.antigravity-ide\extensions\redhat.java-1.55.0-win32-x64\jre\21.0.11-win32-x86_64\bin\vcruntime140_1.dll
0x00007fff42ef0000 - 0x00007fff42f7d000 	c:\Users\saika\.antigravity-ide\extensions\redhat.java-1.55.0-win32-x64\jre\21.0.11-win32-x86_64\bin\msvcp140.dll
0x00007ffea45c0000 - 0x00007ffea5362000 	c:\Users\saika\.antigravity-ide\extensions\redhat.java-1.55.0-win32-x64\jre\21.0.11-win32-x86_64\bin\server\jvm.dll
0x00007fff708e0000 - 0x00007fff7099c000 	C:\WINDOWS\System32\ADVAPI32.dll
0x00007fff709f0000 - 0x00007fff70a99000 	C:\WINDOWS\System32\sechost.dll
0x00007fff6f960000 - 0x00007fff6fa78000 	C:\WINDOWS\System32\RPCRT4.dll
0x00007fff6fd60000 - 0x00007fff6fde0000 	C:\WINDOWS\System32\WS2_32.dll
0x00007fff66030000 - 0x00007fff6603b000 	C:\WINDOWS\SYSTEM32\VERSION.dll
0x00007fff55fd0000 - 0x00007fff56006000 	C:\WINDOWS\SYSTEM32\WINMM.dll
0x00007fff6df10000 - 0x00007fff6df6e000 	C:\WINDOWS\SYSTEM32\POWRPROF.dll
0x00007fff6def0000 - 0x00007fff6df05000 	C:\WINDOWS\SYSTEM32\UMPDC.dll
0x00007fff6cd60000 - 0x00007fff6cd7b000 	C:\WINDOWS\SYSTEM32\kernel.appcore.dll
0x00007fff61a60000 - 0x00007fff61a6a000 	c:\Users\saika\.antigravity-ide\extensions\redhat.java-1.55.0-win32-x64\jre\21.0.11-win32-x86_64\bin\jimage.dll
0x00007fff62730000 - 0x00007fff62972000 	C:\WINDOWS\SYSTEM32\DBGHELP.DLL
0x00007fff6f5d0000 - 0x00007fff6f954000 	C:\WINDOWS\System32\combase.dll
0x00007fff70650000 - 0x00007fff70729000 	C:\WINDOWS\System32\OLEAUT32.dll
0x00007fff4e330000 - 0x00007fff4e36b000 	C:\WINDOWS\SYSTEM32\dbgcore.DLL
0x00007fff6eaf0000 - 0x00007fff6eb9c000 	C:\WINDOWS\System32\bcryptPrimitives.dll
0x00007fff56340000 - 0x00007fff5634f000 	c:\Users\saika\.antigravity-ide\extensions\redhat.java-1.55.0-win32-x64\jre\21.0.11-win32-x86_64\bin\instrument.dll
0x00007fff4ca20000 - 0x00007fff4ca40000 	c:\Users\saika\.antigravity-ide\extensions\redhat.java-1.55.0-win32-x64\jre\21.0.11-win32-x86_64\bin\java.dll
0x00007fff6ee30000 - 0x00007fff6f5c8000 	C:\WINDOWS\System32\SHELL32.dll
0x00007fff6bad0000 - 0x00007fff6c37e000 	C:\WINDOWS\SYSTEM32\windows.storage.dll
0x00007fff6fc60000 - 0x00007fff6fd5b000 	C:\WINDOWS\System32\SHCORE.dll
0x00007fff70830000 - 0x00007fff70896000 	C:\WINDOWS\System32\shlwapi.dll
0x00007fff6dfb0000 - 0x00007fff6dfd9000 	C:\WINDOWS\SYSTEM32\profapi.dll
0x00007fff4b180000 - 0x00007fff4b198000 	c:\Users\saika\.antigravity-ide\extensions\redhat.java-1.55.0-win32-x64\jre\21.0.11-win32-x86_64\bin\zip.dll
0x00007fff53fa0000 - 0x00007fff53fb0000 	C:\Users\saika\.antigravity-ide\extensions\redhat.java-1.55.0-win32-x64\jre\21.0.11-win32-x86_64\bin\net.dll
0x00007fff65610000 - 0x00007fff6573a000 	C:\WINDOWS\SYSTEM32\WINHTTP.dll
0x00007fff6d320000 - 0x00007fff6d38c000 	C:\WINDOWS\system32\mswsock.dll
0x00007fff47d20000 - 0x00007fff47d36000 	C:\Users\saika\.antigravity-ide\extensions\redhat.java-1.55.0-win32-x64\jre\21.0.11-win32-x86_64\bin\nio.dll
0x00007fff52eb0000 - 0x00007fff52ec0000 	c:\Users\saika\.antigravity-ide\extensions\redhat.java-1.55.0-win32-x64\jre\21.0.11-win32-x86_64\bin\verify.dll
0x00007fff429d0000 - 0x00007fff42a15000 	C:\Users\saika\AppData\Roaming\Antigravity IDE\User\globalStorage\redhat.java\1.55.0\config_win\org.eclipse.equinox.launcher\org.eclipse.equinox.launcher.win32.win32.x86_64_1.3.100.v20260613-0559\eclipse_11924.dll
0x00007fff6fe10000 - 0x00007fff6ffa9000 	C:\WINDOWS\System32\ole32.dll

JVMTI agents:
c:\Users\saika\.antigravity-ide\extensions\redhat.java-1.55.0-win32-x64\lombok\lombok-1.18.39-4050.jar path:c:\Users\saika\.antigravity-ide\extensions\redhat.java-1.55.0-win32-x64\jre\21.0.11-win32-x86_64\bin\instrument.dll, loaded, initialized, instrumentlib options:none

dbghelp: loaded successfully - version: 4.0.5 - missing functions: none
symbol engine: initialized successfully - sym options: 0x614 - pdb path: .;c:\Users\saika\.antigravity-ide\extensions\redhat.java-1.55.0-win32-x64\jre\21.0.11-win32-x86_64\bin;C:\WINDOWS\SYSTEM32;C:\WINDOWS\WinSxS\amd64_microsoft.windows.common-controls_6595b64144ccf1df_6.0.26100.9278_none_3e0d1ba8e3303201;c:\Users\saika\.antigravity-ide\extensions\redhat.java-1.55.0-win32-x64\jre\21.0.11-win32-x86_64\bin\server;C:\Users\saika\AppData\Roaming\Antigravity IDE\User\globalStorage\redhat.java\1.55.0\config_win\org.eclipse.equinox.launcher\org.eclipse.equinox.launcher.win32.win32.x86_64_1.3.100.v20260613-0559

VM Arguments:
jvm_args: --add-modules=ALL-SYSTEM --add-opens=java.base/java.util=ALL-UNNAMED --add-opens=java.base/java.lang=ALL-UNNAMED --add-opens=java.base/sun.nio.fs=ALL-UNNAMED -Declipse.application=org.eclipse.jdt.ls.core.id1 -Dosgi.bundles.defaultStartLevel=4 -Declipse.product=org.eclipse.jdt.ls.core.product -Djava.import.generatesMetadataFilesAtProjectRoot=false -DDetectVMInstallationsJob.disabled=true -Dfile.encoding=utf8 -XX:+UseParallelGC -XX:GCTimeRatio=4 -XX:AdaptiveSizePolicyWeight=90 -Dsun.zip.disableMemoryMapping=true -Xmx2G -Xms100m -Xlog:disable -javaagent:c:\Users\saika\.antigravity-ide\extensions\redhat.java-1.55.0-win32-x64\lombok\lombok-1.18.39-4050.jar -XX:+HeapDumpOnOutOfMemoryError -XX:HeapDumpPath=c:\Users\saika\AppData\Roaming\Antigravity IDE\User\workspaceStorage\e2c09a89931abce8e19b1428be1b0b96\redhat.java -Daether.dependencyCollector.impl=bf 
java_command: c:\Users\saika\.antigravity-ide\extensions\redhat.java-1.55.0-win32-x64\server\plugins\org.eclipse.equinox.launcher_1.7.200.v20260619-2039.jar -configuration c:\Users\saika\AppData\Roaming\Antigravity IDE\User\globalStorage\redhat.java\1.55.0\config_win -data c:\Users\saika\AppData\Roaming\Antigravity IDE\User\workspaceStorage\e2c09a89931abce8e19b1428be1b0b96\redhat.java\jdt_ws --pipe=\\.\pipe\lsp-183d9751116545d31718261fc5b9ea25-sock
java_class_path (initial): c:\Users\saika\.antigravity-ide\extensions\redhat.java-1.55.0-win32-x64\server\plugins\org.eclipse.equinox.launcher_1.7.200.v20260619-2039.jar
Launcher Type: SUN_STANDARD

[Global flags]
    uintx AdaptiveSizePolicyWeight                 = 90                                        {product} {command line}
     intx CICompilerCount                          = 4                                         {product} {ergonomic}
    uintx GCTimeRatio                              = 4                                         {product} {command line}
     bool HeapDumpOnOutOfMemoryError               = true                                   {manageable} {command line}
    ccstr HeapDumpPath                             = c:\Users\saika\AppData\Roaming\Antigravity IDE\User\workspaceStorage\e2c09a89931abce8e19b1428be1b0b96\redhat.java         {manageable} {command line}
   size_t InitialHeapSize                          = 104857600                                 {product} {command line}
   size_t MaxHeapSize                              = 2147483648                                {product} {command line}
   size_t MaxNewSize                               = 715653120                                 {product} {ergonomic}
   size_t MinHeapDeltaBytes                        = 524288                                    {product} {ergonomic}
   size_t MinHeapSize                              = 104857600                                 {product} {command line}
   size_t NewSize                                  = 34603008                                  {product} {ergonomic}
    uintx NonNMethodCodeHeapSize                   = 5839372                                {pd product} {ergonomic}
    uintx NonProfiledCodeHeapSize                  = 122909434                              {pd product} {ergonomic}
   size_t OldSize                                  = 70254592                                  {product} {ergonomic}
    uintx ProfiledCodeHeapSize                     = 122909434                              {pd product} {ergonomic}
    uintx ReservedCodeCacheSize                    = 251658240                              {pd product} {ergonomic}
     bool SegmentedCodeCache                       = true                                      {product} {ergonomic}
   size_t SoftMaxHeapSize                          = 2147483648                             {manageable} {ergonomic}
     bool UseCompressedOops                        = true                           {product lp64_product} {ergonomic}
     bool UseLargePagesIndividualAllocation        = false                                  {pd product} {ergonomic}
     bool UseParallelGC                            = true                                      {product} {command line}

Logging:
Log output configuration:
 #0: stdout all=off uptime,level,tags foldmultilines=false
 #1: stderr all=off uptime,level,tags foldmultilines=false

Release file:
JAVA_VERSION="21.0.11" 
MODULES="java.base java.compiler java.datatransfer java.xml java.prefs java.desktop java.instrument java.logging java.management java.security.sasl java.naming java.rmi java.management.rmi java.net.http java.scripting java.security.jgss java.transaction.xa java.sql java.sql.rowset java.xml.crypto java.se java.smartcardio jdk.accessibility jdk.internal.jvmstat jdk.attach jdk.charsets jdk.internal.opt jdk.zipfs jdk.compiler jdk.crypto.ec jdk.crypto.cryptoki jdk.crypto.mscapi jdk.dynalink jdk.internal.ed jdk.editpad jdk.hotspot.agent jdk.httpserver jdk.internal.le jdk.internal.vm.ci jdk.internal.vm.compiler jdk.internal.vm.compiler.management jdk.jartool jdk.javadoc jdk.jcmd jdk.management jdk.management.agent jdk.jconsole jdk.jdeps jdk.jdwp.agent jdk.jdi jdk.jfr jdk.jshell jdk.jsobject jdk.jstatd jdk.localedata jdk.management.jfr jdk.naming.dns jdk.naming.rmi jdk.net jdk.nio.mapmode jdk.random jdk.sctp jdk.security.auth jdk.security.jgss jdk.unsupported jdk.unsupported.desktop jdk.xml.dom" 

Environment Variables:
PATH=C:\Program Files\Common Files\Oracle\Java\javapath;C:\windows\system32;C:\windows;C:\windows\System32\Wbem;C:\windows\System32\WindowsPowerShell\v1.0\;C:\windows\System32\OpenSSH\;C:\WINDOWS\system32;C:\WINDOWS;C:\WINDOWS\System32\Wbem;C:\WINDOWS\System32\WindowsPowerShell\v1.0\;C:\WINDOWS\System32\OpenSSH\;C:\Program Files\nodejs\;C:\Program Files\Git\cmd;C:\Users\saika\.local\bin;C:\Users\saika\AppData\Local\Programs\Python\Launcher\;C:\Users\saika\AppData\Local\Microsoft\WindowsApps;C:\Users\saika\AppData\Local\Programs\Microsoft VS Code\bin;C:\Program Files\nodejs;C:\Users\saika\AppData\Local\Programs\Antigravity\bin;C:\Users\saika\AppData\Local\GitHubDesktop\bin;C:\Users\saika\AppData\Local\Programs\cursor\resources\app\bin;C:\Users\saika\AppData\Local\Programs\Antigravity IDE\bin;C:\Users\saika\AppData\Local\Programs\Ollama
USERNAME=saika
OS=Windows_NT
PROCESSOR_IDENTIFIER=AMD64 Family 23 Model 104 Stepping 1, AuthenticAMD
TMP=C:\Users\saika\AppData\Local\Temp
TEMP=C:\Users\saika\AppData\Local\Temp




Periodic native trim disabled

---------------  S Y S T E M  ---------------

OS:
 Windows 11 , 64 bit Build 26100 (10.0.26100.9278)
OS uptime: 3 days 12:07 hours
Hyper-V role detected

CPU: total 12 (initial active 12) (12 cores per cpu, 2 threads per core) family 23 model 104 stepping 1 microcode 0x8608109, cx8, cmov, fxsr, ht, mmx, 3dnowpref, sse, sse2, sse3, ssse3, sse4a, sse4.1, sse4.2, popcnt, lzcnt, tsc, tscinvbit, avx, avx2, aes, clmul, bmi1, bmi2, adx, sha, fma, vzeroupper, clflush, clflushopt, hv, rdtscp, rdpid, f16c
Processor Information for the first 12 processors :
  Max Mhz: 2100, Current Mhz: 2100, Mhz Limit: 2100

Memory: 4k page, system-wide physical 15693M (359M free)
TotalPageFile size 22405M (AvailPageFile size 11M)
current process WorkingSet (physical memory assigned to process): 152M, peak: 152M
current process commit charge ("private bytes"): 288M, peak: 291M

vm_info: OpenJDK 64-Bit Server VM (21.0.11+10-LTS) for windows-amd64 JRE (21.0.11+10-LTS), built on 2026-04-21T00:00:00Z by "admin" with MS VC++ 17.12 (VS2022)

END.
